"Williams, Kyffin",Horses and Riders,1940-1950,Genre,NLW,n.a.,n.a.,n.a.,45.6,21.6,984.96,http://ichef.bbci.co.uk/arts/yourpaintings/images/paintings/nlw/large/nlw_nlw_kwf00391_large.jpg,http://www.bbc.co.uk/arts/yourpaintings/paintings/horses-and-riders-120430,nlw_nlw_kwf00391_large.jpg,
"Williams, Kyffin",Crucifixion,1950-1960,Genre,NLW,n.a.,n.a.,n.a.,76,61,4636,http://ichef.bbci.co.uk/arts/yourpaintings/images/paintings/nlw/large/nlw_nlw_kwf00074_large.jpg,http://www.bbc.co.uk/arts/yourpaintings/paintings/crucifixion-120532,nlw_nlw_kwf00074_large.jpg,
"Williams, Kyffin",Deposition,1960-1970,genre,NLW,n.a.,n.a.,n.a.,152.6,76,11597.6,http://ichef.bbci.co.uk/arts/yourpaintings/images/paintings/nlw/large/nlw_nlw_kwf00102_large.jpg,http://www.bbc.co.uk/arts/yourpaintings/paintings/deposition-120448,nlw_nlw_kwf00102_large.jpg,
"Williams, Kyffin",Welsh Sheepdog,1980-1990,Genre,NLW,n.a.,,,76,51,3876,http://ichef.bbci.co.uk/arts/yourpaintings/images/paintings/nlw/large/nlw_nlw_kwf00050_large.jpg,http://www.bbc.co.uk/arts/yourpaintings/paintings/welsh-sheepdog-120564,nlw_nlw_kwf00050_large.jpg,
"Williams, Kyffin",Welsh Black Bull,1990-2006,Genre,NLW,n.a.,n.a,n.a.,71.2,91.2,6493.44,http://ichef.bbci.co.uk/arts/yourpaintings/images/paintings/nlw/large/nlw_nlw_kwf00064_large.jpg,http://www.bbc.co.uk/arts/yourpaintings/paintings/welsh-black-bull-120522,nlw_nlw_kwf00064_large.jpg,
"Williams, Kyffin",Italian Ruin,1950,landscape,NLW,Italy,,,40.8,26.3,1073.04,http://ichef.bbci.co.uk/arts/yourpaintings/images/paintings/nlw/large/nlw_nlw_kwf00395_large.jpg,http://www.bbc.co.uk/arts/yourpaintings/paintings/italian-ruin-120453,nlw_nlw_kwf00395_large.jpg,
"Williams, Kyffin",Landscape with Cattle,1950,landscape,NLW,unknown,unknown,unknown,40,29,1160,http://ichef.bbci.co.uk/arts/yourpaintings/images/paintings/nlw/large/nlw_nlw_gcf02988_large.jpg,http://www.bbc.co.uk/arts/yourpaintings/paintings/landscape-with-cattle-121162,nlw_nlw_gcf02988_large.jpg,
"Williams, Kyffin","Llyn-y-Cau, Cader Idris",1950,landscape,NLW,"Llyn-y-cau, Cader Idris",,,75.3,37.3,2808.69,http://ichef.bbci.co.uk/arts/yourpaintings/images/paintings/nlw/large/nlw_nlw_gcf02341_large.jpg,http://www.bbc.co.uk/arts/yourpaintings/paintings/llyn-y-cau-cader-idris-120630,nlw_nlw_gcf02341_large.jpg,
"Williams, Kyffin",Crows and Storm Coming,1965,landscape,NLW,unknown,unknown,unknown,76.2,50.8,3870.96,http://ichef.bbci.co.uk/arts/yourpaintings/images/paintings/nlw/large/nlw_nlw_kwf00037_large.jpg,http://www.bbc.co.uk/arts/yourpaintings/paintings/crows-and-storm-coming-120490,nlw_nlw_kwf00037_large.jpg,
"Williams, Kyffin",Grey Sky and Dark Mountains,1965,landscape,NLW,unknown,unknown,unknown,60.7,50.5,3065.35,http://ichef.bbci.co.uk/arts/yourpaintings/images/paintings/nlw/large/nlw_nlw_kwf00319_large.jpg,http://www.bbc.co.uk/arts/yourpaintings/paintings/grey-sky-and-dark-mountains-120458,nlw_nlw_kwf00319_large.jpg,
"Williams, Kyffin","Mountains Summits, Snowdonia",1965,landscape,NLW,Snowdonia,,,91.3,50.2,4583.26,http://ichef.bbci.co.uk/arts/yourpaintings/images/paintings/nlw/large/nlw_nlw_kwf00052_large.jpg,http://www.bbc.co.uk/arts/yourpaintings/paintings/mountain-summits-snowdonia-120498,nlw_nlw_kwf00052_large.jpg,
"Williams, Kyffin",Ar Hyd y Ffos,1969,landscape,NLW,unknown,unknown,unknown,91,121.5,11056.5,http://ichef.bbci.co.uk/arts/yourpaintings/images/paintings/nlw/624x544/nlw_nlw_kwf00140_624x544.jpg,http://www.bbc.co.uk/arts/yourpaintings/paintings/ar-hyd-y-ffos-120464,nlw_nlw_kwf00140_large.jpg,
"Williams, Kyffin",Barn in a Patagonian Landscape,1969,landscape,NLW,Patagonia,,,61,50.7,3092.7,http://ichef.bbci.co.uk/arts/yourpaintings/images/paintings/nlw/large/nlw_nlw_kwf00322_large.jpg,http://www.bbc.co.uk/arts/yourpaintings/paintings/barn-in-a-patagonian-landscape-120431,nlw_nlw_kwf00322_large.jpg,
"Williams, Kyffin","Buildings, Patagonia",1969,landscape,NLW,Patagonia,,,68.7,51,3503.7,http://ichef.bbci.co.uk/arts/yourpaintings/images/paintings/nlw/large/nlw_nlw_kwf00326_large.jpg,http://www.bbc.co.uk/arts/yourpaintings/paintings/buildings-patagonia-120584,nlw_nlw_kwf00326_large.jpg,
"Williams, Kyffin",Ceg-y-Ffos,1969,landscape,NLW,Ceg-y-Ffos,,,25,17.5,437.5,http://ichef.bbci.co.uk/arts/yourpaintings/images/paintings/nlw/large/nlw_nlw_gcf05262_large.jpg,http://www.bbc.co.uk/arts/yourpaintings/paintings/ceg-y-ffos-121314,nlw_nlw_gcf05262_large.jpg,
"Williams, Kyffin","Lle Cul, Patagonia",1969,landscape,NLW,Patagonia,,,122,92,11224,http://ichef.bbci.co.uk/arts/yourpaintings/images/paintings/nlw/large/nlw_nlw_gcf00136_large.jpg,http://www.bbc.co.uk/arts/yourpaintings/paintings/lle-cul-patagonia-120055,nlw_nlw_gcf00136_large.jpg,
"Williams, Kyffin","Lle Cul, Patagonia",1969,landscape,NLW,Lle Cul,,,60,49.9,2994,http://ichef.bbci.co.uk/arts/yourpaintings/images/paintings/nlw/large/nlw_nlw_gcf05256_large.jpg,http://www.bbc.co.uk/arts/yourpaintings/paintings/lle-cul-patagonia-121262,nlw_nlw_gcf05256_large.jpg,
"Williams, Kyffin","Lle Cul, Patagonia",1969,landscape,NLW,Lle Cul,,,60,49.5,2970,http://ichef.bbci.co.uk/arts/yourpaintings/images/paintings/nlw/large/nlw_nlw_gcf05255_large.jpg,http://www.bbc.co.uk/arts/yourpaintings/paintings/lle-cul-patagonia-121261,nlw_nlw_gcf05255_large.jpg,
"Williams, Kyffin","Lle Cul, Patagonia",1969,landscape,NLW,Lle Cul,,,89.5,89.5,8010.25,http://ichef.bbci.co.uk/arts/yourpaintings/images/paintings/nlw/large/nlw_nlw_gcf00016_large.jpg,http://www.bbc.co.uk/arts/yourpaintings/paintings/lle-cul-patagonia-119976,nlw_nlw_gcf00016_large.jpg,
"Williams, Kyffin","Paith, Patagonia",1969,landscape,NLW,Paith,,,68.7,51,3503.7,http://ichef.bbci.co.uk/arts/yourpaintings/images/paintings/nlw/large/nlw_nlw_kwf00325_large.jpg,http://www.bbc.co.uk/arts/yourpaintings/paintings/paith-patagonia-120580,nlw_nlw_kwf00325_large.jpg,
"Williams, Kyffin",Patagonian Landscape,1969,landscape,NLW,Patagonia,,,65,65,4225,http://ichef.bbci.co.uk/arts/yourpaintings/images/paintings/nlw/large/nlw_nlw_kwf00103_large.jpg,http://www.bbc.co.uk/arts/yourpaintings/paintings/patagonian-landscape-120506,nlw_nlw_kwf00103_large.jpg,
"Williams, Kyffin",The New Road to the Valley,1969,landscape,NLW,Patagonia,,,91,91.5,8326.5,http://ichef.bbci.co.uk/arts/yourpaintings/images/paintings/nlw/large/nlw_nlw_gcf07221_large.jpg,http://www.bbc.co.uk/arts/yourpaintings/paintings/the-new-road-to-the-valley-121320,nlw_nlw_gcf07221_large.jpg,
"Williams, Kyffin",Ceserea,1970,landscape,NLW,Ceserea,,,99.5,47.1,4686.45,http://ichef.bbci.co.uk/arts/yourpaintings/images/paintings/nlw/large/nlw_nlw_kwf00442_large.jpg,http://www.bbc.co.uk/arts/yourpaintings/paintings/ceserea-120474,nlw_nlw_kwf00442_large.jpg,
"Williams, Kyffin",Ffridd Llwyn Gorful,1970,landscape,NLW,Llwyn Gorful,,,88,62,5456,http://ichef.bbci.co.uk/arts/yourpaintings/images/paintings/nlw/large/nlw_nlw_gcf00134_large.jpg,http://www.bbc.co.uk/arts/yourpaintings/paintings/ffridd-llwyn-gorful-120053,nlw_nlw_gcf00134_large.jpg,
"Williams, Kyffin",Welsh Landscape,1970,landscape,NLW,unknown,unknown,unknown,68.5,50.5,3459.25,http://ichef.bbci.co.uk/arts/yourpaintings/images/paintings/nlw/large/nlw_nlw_gcf02285_large.jpg,http://www.bbc.co.uk/arts/yourpaintings/paintings/welsh-landscape-121030,nlw_nlw_gcf02285_large.jpg,
"Williams, Kyffin","Farm, Llanfairynghornwy",1975,landscape,NLW,Llanfairynghornwy,,,49.9,39.5,1971.05,http://ichef.bbci.co.uk/arts/yourpaintings/images/paintings/nlw/large/nlw_nlw_gcf02283_large.jpg,http://www.bbc.co.uk/arts/yourpaintings/paintings/farm-llanfairynghornwy-120766,nlw_nlw_gcf02283_large.jpg,
"Williams, Kyffin",Farm Eryri,1980,landscape,NLW,Eryri,,,50.8,61.3,3114.04,http://ichef.bbci.co.uk/arts/yourpaintings/images/paintings/nlw/large/nlw_nlw_kwf00006_large.jpg,http://www.bbc.co.uk/arts/yourpaintings/paintings/farm-eryri-120482,nlw_nlw_kwf00006_large.jpg,
"Williams, Kyffin",Farm near Nanhoron,1980,landscape,NLW,Nanhoron,,,76.3,60.7,4631.41,http://ichef.bbci.co.uk/arts/yourpaintings/images/paintings/nlw/large/nlw_nlw_kwf00069_large.jpg,http://www.bbc.co.uk/arts/yourpaintings/paintings/farm-near-nanhoron-120538,nlw_nlw_kwf00069_large.jpg,
"Williams, Kyffin","Green Fields and Grey Mountains, Snowdonia",1980,landscape,NLW,Snowdonia,,,76.3,76.3,5821.69,http://ichef.bbci.co.uk/arts/yourpaintings/images/paintings/nlw/large/nlw_nlw_kwf00092_large.jpg,http://www.bbc.co.uk/arts/yourpaintings/paintings/green-fields-and-grey-mountains-snowdonia-120546,nlw_nlw_kwf00092_large.jpg,
"Williams, Kyffin",Hamlet in the Trees,1980,landscape,NLW,unknown,unknown,unknown,61.2,77,4712.4,http://ichef.bbci.co.uk/arts/yourpaintings/images/paintings/nlw/large/nlw_nlw_kwf00327_large.jpg,http://www.bbc.co.uk/arts/yourpaintings/paintings/hamlet-in-the-trees-120530,nlw_nlw_kwf00327_large.jpg,
"Williams, Kyffin",Welsh Blacks Grazing on Snowdonia,1980,landscape,NLW,Snowdonia,,,60.8,50.8,3088.64,http://ichef.bbci.co.uk/arts/yourpaintings/images/paintings/nlw/large/nlw_nlw_kwf00078_large.jpg,http://www.bbc.co.uk/arts/yourpaintings/paintings/welsh-blacks-grazing-on-snowdonia-120554,nlw_nlw_kwf00078_large.jpg,
"Williams, Kyffin",Carreg Cennen no.1,1982,landscape,NLW,Carreg Cennen,,,75.5,75.5,5700.25,http://ichef.bbci.co.uk/arts/yourpaintings/images/paintings/nlw/large/nlw_nlw_gcf02719_large.jpg,http://www.bbc.co.uk/arts/yourpaintings/paintings/carreg-cennen-no-1-120991,nlw_nlw_gcf02719_large.jpg,
"Williams, Kyffin","Above Carneddi, no.2",1985,landscape,NLW,Carneddi,,,75,50,3750,http://ichef.bbci.co.uk/arts/yourpaintings/images/paintings/nlw/large/nlw_nlw_gcf02373_large.jpg,http://www.bbc.co.uk/arts/yourpaintings/paintings/above-carneddi-no-2-120767,nlw_nlw_gcf02373_large.jpg,
"Williams, Kyffin","Cottages, Carmel no.1",1985,landscape,NLW,Carmel,,,117,49.7,5814.9,http://ichef.bbci.co.uk/arts/yourpaintings/images/paintings/nlw/large/nlw_nlw_gcf02376_large.jpg,http://www.bbc.co.uk/arts/yourpaintings/paintings/cottages-carmel-no-1-121054,nlw_nlw_gcf02376_large.jpg,
"Williams, Kyffin",Dolwyddelan Castle,1985,landscape,NLW,Dolwyddelan,,,75,75,5625,http://ichef.bbci.co.uk/arts/yourpaintings/images/paintings/nlw/large/nlw_nlw_gcf02370_large.jpg,http://www.bbc.co.uk/arts/yourpaintings/paintings/dolwyddelan-castle-121053,nlw_nlw_gcf02370_large.jpg,
"Williams, Kyffin","Porth Swtan, Sir Fon",1985,landscape,NLW,Porth Swtan,,,89.8,49.8,4472.04,http://ichef.bbci.co.uk/arts/yourpaintings/images/paintings/nlw/large/nlw_nlw_gcf02284_large.jpg,http://www.bbc.co.uk/arts/yourpaintings/paintings/porth-swtan-sir-fon-120938,nlw_nlw_gcf02284_large.jpg,
"Williams, Kyffin",Mountain Landscape,1987,landscape,NLW,unknown,unknown,unknown,12.5,12,150,http://ichef.bbci.co.uk/arts/yourpaintings/images/paintings/nlw/large/nlw_nlw_gcf02331_large.jpg,http://www.bbc.co.uk/arts/yourpaintings/paintings/mountain-landscape-121520,nlw_nlw_gcf02331_large.jpg,
"Williams, Kyffin","Llyn-y-Cau, Cader Idris",1990,landscape,NLW,"Llyn-y-cau, Cader Idris",,,,,0,http://ichef.bbci.co.uk/arts/yourpaintings/images/paintings/nlw/large/nlw_nlw_gcf05061_large.jpg,http://www.bbc.co.uk/arts/yourpaintings/paintings/llyn-y-cau-cader-idris-121258,nlw_nlw_gcf05061_large.jpg,
"Williams, Kyffin",Llyn Conwy,1996,landscape,NLW,Llyn Conwy,,,131,54,7074,http://ichef.bbci.co.uk/arts/yourpaintings/images/paintings/nlw/large/nlw_nlw_gcf00135_large.jpg,http://www.bbc.co.uk/arts/yourpaintings/paintings/llyn-conwy-119873,nlw_nlw_gcf00135_large.jpg,
"Williams, Kyffin",Pengwyryd,1999,landscape,NLW,Pen-y-Gwryd,,,120,120,14400,http://ichef.bbci.co.uk/arts/yourpaintings/images/paintings/nlw/large/nlw_nlw_gcf06690_large.jpg,http://www.bbc.co.uk/arts/yourpaintings/paintings/pengwyryd-119963,nlw_nlw_gcf06690_large.jpg,
"Williams, Kyffin",Bryn Cader Faner,2000,landscape,NLW,Bryn cader Faner,,,120.3,120.3,14472.09,http://ichef.bbci.co.uk/arts/yourpaintings/images/paintings/nlw/large/nlw_nlw_gcf00244_large.jpg,http://www.bbc.co.uk/arts/yourpaintings/paintings/bryn-cader-faner-120019,nlw_nlw_gcf00244_large.jpg,
"Williams, Kyffin",Chapel at Dinorwic,2000,landscape,NLW,Dinorwig,,,110,110,12100,http://ichef.bbci.co.uk/arts/yourpaintings/images/paintings/nlw/large/nlw_nlw_gcf10056_large.jpg,http://www.bbc.co.uk/arts/yourpaintings/paintings/chapel-at-dinorwic-119795,nlw_nlw_gcf10056_large.jpg,
"Williams, Kyffin",Cattle in the Field,1940-1950,landscape,NLW,unknown,unknown,unknown,30.5,40.6,1238.3,http://ichef.bbci.co.uk/arts/yourpaintings/images/paintings/nlw/large/nlw_nlw_kwf00333_large.jpg,http://www.bbc.co.uk/arts/yourpaintings/paintings/cattle-in-the-field-120499,nlw_nlw_kwf00333_large.jpg,
"Williams, Kyffin",Cloudy Day in Snowdonia,1940-1950,landscape,NLW,Snowdonia,,,30.9,22.9,707.61,http://ichef.bbci.co.uk/arts/yourpaintings/images/paintings/nlw/large/nlw_nlw_kwf00389_large.jpg,http://www.bbc.co.uk/arts/yourpaintings/paintings/cloudy-day-in-snowdonia-120578,nlw_nlw_kwf00389_large.jpg,
"Williams, Kyffin",Farmer and Cottages,1940-1950,landscape,NLW,unknown,unknown,unknown,50.7,61,3092.7,http://ichef.bbci.co.uk/arts/yourpaintings/images/paintings/nlw/large/nlw_nlw_kwf00042_large.jpg,http://www.bbc.co.uk/arts/yourpaintings/paintings/farmer-and-cottages-120471,nlw_nlw_kwf00042_large.jpg,
"Williams, Kyffin",Fresians in the Field with the Coast Beyond,1940-1950,landscape,NLW,unknown,unknown,unknown,68.5,51,3493.5,http://ichef.bbci.co.uk/arts/yourpaintings/images/paintings/nlw/large/nlw_nlw_kwf00100_large.jpg,http://www.bbc.co.uk/arts/yourpaintings/paintings/fresians-in-a-field-with-the-coast-beyond-120503,nlw_nlw_kwf00100_large.jpg,
"Williams, Kyffin",Hampstead Heath,1940-1950,landscape,NLW,Hampstead Heath,,,34.1,18.2,620.62,http://ichef.bbci.co.uk/arts/yourpaintings/images/paintings/nlw/large/nlw_nlw_kwf00332_large.jpg,http://www.bbc.co.uk/arts/yourpaintings/paintings/hampstead-heath-120488,nlw_nlw_kwf00332_large.jpg,
"Williams, Kyffin",Mountain Torrent,1940-1950,landscape,NLW,unknown,unknown,unknown,51,40.7,2075.7,http://ichef.bbci.co.uk/arts/yourpaintings/images/paintings/nlw/large/nlw_nlw_kwf00121_large.jpg,http://www.bbc.co.uk/arts/yourpaintings/paintings/mountain-torrent-120587?r=1343744397662,nlw_nlw_kwf00121_large.jpg,
"Williams, Kyffin",Mountain Valley,1940-1950,landscape,NLW,unknown,unknown,unknown,33.6,12,403.2,http://ichef.bbci.co.uk/arts/yourpaintings/images/paintings/nlw/large/nlw_nlw_kwf00335_large.jpg,http://www.bbc.co.uk/arts/yourpaintings/paintings/mountain-valley-120519,nlw_nlw_kwf00335_large.jpg,
"Williams, Kyffin",Mountain Valley,1940-1950,landscape,NLW,unknown,unknown,unknown,68.7,51,3503.7,http://ichef.bbci.co.uk/arts/yourpaintings/images/paintings/nlw/large/nlw_nlw_kwf00126_large.jpg,http://www.bbc.co.uk/arts/yourpaintings/paintings/mountain-valley-120583,nlw_nlw_kwf00126_large.jpg,
"Williams, Kyffin","Roadside Cottage, Eryri",1940-1950,landscape,NLW,Eryri,,,61,50.5,3080.5,http://ichef.bbci.co.uk/arts/yourpaintings/images/paintings/nlw/large/nlw_nlw_kwf00123_large.jpg,http://www.bbc.co.uk/arts/yourpaintings/paintings/roadside-cottage-eryri-120433,nlw_nlw_kwf00123_large.jpg,
"Williams, Kyffin",Sunflowers with Mountain Beyond,1940-1950,landscape,NLW,unknown,unknown,unknown,29.8,40.8,1215.84,http://ichef.bbci.co.uk/arts/yourpaintings/images/paintings/nlw/large/nlw_nlw_kwf00334_large.jpg,http://www.bbc.co.uk/arts/yourpaintings/paintings/sunflowers-with-mountains-beyond-120512,nlw_nlw_kwf00334_large.jpg,
"Williams, Kyffin",Welsh Black on Rocky Outcrop above the Coast,1940-1950,landscape,NLW,unknown,unknown,unknown,68.5,51,3493.5,http://ichef.bbci.co.uk/arts/yourpaintings/images/paintings/nlw/large/nlw_nlw_kwf00099_large.jpg,http://www.bbc.co.uk/arts/yourpaintings/paintings/welsh-black-on-rocky-outcrop-above-the-coast-120502,nlw_nlw_kwf00099_large.jpg,
"Williams, Kyffin",A ruined classical building,1940-1960,landscape,NLW,unknown,unknown,unknown,40.7,30.5,1241.35,http://ichef.bbci.co.uk/arts/yourpaintings/images/paintings/nlw/large/nlw_nlw_kwf00393_large.jpg,http://www.bbc.co.uk/arts/yourpaintings/paintings/a-ruined-classical-building-120441,nlw_nlw_kwf00393_large.jpg,
"Williams, Kyffin",Dusk in the Mountains,1940-1960,landscape,NLW,unknown,unknown,unknown,42.5,22,935,http://ichef.bbci.co.uk/arts/yourpaintings/images/paintings/nlw/large/nlw_nlw_kwf00388_large.jpg,http://www.bbc.co.uk/arts/yourpaintings/paintings/dusk-in-the-mountains-120567,nlw_nlw_kwf00388_large.jpg,
"Williams, Kyffin",A Chapel in the Tyrol,1950-1960,landscape,NLW,Tyrol,,,29.8,40.7,1212.86,http://ichef.bbci.co.uk/arts/yourpaintings/images/paintings/nlw/large/nlw_nlw_kwf00394_large.jpg,http://www.bbc.co.uk/arts/yourpaintings/paintings/a-chapel-in-the-tyrol-120447,nlw_nlw_kwf00394_large.jpg,
"Williams, Kyffin",Alpine Mountain Landscape,1950-1960,landscape,NLW,unknown,unknown,unknown,50.5,60.8,3070.4,http://ichef.bbci.co.uk/arts/yourpaintings/images/paintings/nlw/large/nlw_nlw_kwf00125_large.jpg,http://www.bbc.co.uk/arts/yourpaintings/paintings/alpine-mountain-landscape-120590,nlw_nlw_kwf00125_large.jpg,
"Williams, Kyffin",Autumn Road,1950-1960,landscape,NLW,unknown,unknown,unknown,76.3,61,4654.3,http://ichef.bbci.co.uk/arts/yourpaintings/images/paintings/nlw/large/nlw_nlw_kwf00073_large.jpg,http://www.bbc.co.uk/arts/yourpaintings/paintings/autumn-road-120533,nlw_nlw_kwf00073_large.jpg,
"Williams, Kyffin","Church and Cottage, North Wales",1950-1960,landscape,NLW,North Wales,,,127,76,9652,http://ichef.bbci.co.uk/arts/yourpaintings/images/paintings/nlw/large/nlw_nlw_kwf00094_large.jpg,http://www.bbc.co.uk/arts/yourpaintings/paintings/church-and-cottage-north-wales-120566,nlw_nlw_kwf00094_large.jpg,
"Williams, Kyffin","Cloud and Mist, Eryri",1950-1960,landscape,NLW,Eryri,,,51,61,3111,http://ichef.bbci.co.uk/arts/yourpaintings/images/paintings/nlw/large/nlw_nlw_kwf00002_large.jpg,http://www.bbc.co.uk/arts/yourpaintings/paintings/cloud-and-mist-eryri-120478,nlw_nlw_kwf00002_large.jpg,
"Williams, Kyffin",Mont Blanc,1950-1960,landscape,NLW,Mont Blanc,,,37.6,21.4,804.64,http://ichef.bbci.co.uk/arts/yourpaintings/images/paintings/nlw/large/nlw_nlw_kwf00390_large.jpg,http://www.bbc.co.uk/arts/yourpaintings/paintings/mont-blanc-120585,nlw_nlw_kwf00390_large.jpg,
"Williams, Kyffin",Mountains and Rocks,1950-1960,landscape,NLW,unknown,unknown,unknown,50.7,40.5,2053.35,http://ichef.bbci.co.uk/arts/yourpaintings/images/paintings/nlw/large/nlw_nlw_kwf00008_large.jpg,http://www.bbc.co.uk/arts/yourpaintings/paintings/mountains-and-rocks-120484,nlw_nlw_kwf00008_large.jpg,
"Williams, Kyffin",Mountains Snowdonia,1950-1960,landscape,NLW,Snowdonia,,,68.5,50.7,3472.95,http://ichef.bbci.co.uk/arts/yourpaintings/images/paintings/nlw/large/nlw_nlw_kwf00323_large.jpg,http://www.bbc.co.uk/arts/yourpaintings/paintings/mountains-snowdonia-120581,nlw_nlw_kwf00323_large.jpg,
"Williams, Kyffin","Range of Mountains, Snowdonia",1950-1960,landscape,NLW,Snowdonia,,,76.1,50.3,3827.83,http://ichef.bbci.co.uk/arts/yourpaintings/images/paintings/nlw/large/nlw_nlw_kwf00034_large.jpg,http://www.bbc.co.uk/arts/yourpaintings/paintings/range-of-mountains-snowdonia-120487,nlw_nlw_kwf00034_large.jpg,
"Williams, Kyffin",Storm,1950-1960,landscape,NLW,unknown,unknown,unknown,61.2,51,3121.2,http://ichef.bbci.co.uk/arts/yourpaintings/images/paintings/nlw/large/nlw_nlw_kwf00122_large.jpg,http://www.bbc.co.uk/arts/yourpaintings/paintings/storm-120589,nlw_nlw_kwf00122_large.jpg,
"Williams, Kyffin",Yellow fields under a grey sky,1950-1960,landscape,NLW,unknown,unknown,unknown,91.5,60.8,5563.2,http://ichef.bbci.co.uk/arts/yourpaintings/images/paintings/nlw/large/nlw_nlw_kwf00128_large.jpg,http://www.bbc.co.uk/arts/yourpaintings/paintings/yellow-fields-under-a-grey-sky-120449,nlw_nlw_kwf00128_large.jpg,
"Williams, Kyffin",Yr Wyddfa a Grib Goch,1950-1960,landscape,NLW,"Wyddfa, Crib Goch",,,76,60.7,4613.2,http://ichef.bbci.co.uk/arts/yourpaintings/images/paintings/nlw/large/nlw_nlw_kwf00129_large.jpg,http://www.bbc.co.uk/arts/yourpaintings/paintings/yr-wyddfa-a-grib-goch-120528,nlw_nlw_kwf00129_large.jpg,
"Williams, Kyffin","Cottages, North Wales",1950-1970,landscape,NLW,North Wales,,,50.5,61.3,3095.65,http://ichef.bbci.co.uk/arts/yourpaintings/images/paintings/nlw/large/nlw_nlw_kwf00007_large.jpg,http://www.bbc.co.uk/arts/yourpaintings/paintings/cottages-north-wales-120483,nlw_nlw_kwf00007_large.jpg,
"Williams, Kyffin","Dark Mountains, Blue Sky",1950-1970,landscape,NLW,unknown,unknown,unknown,152.5,76,11590,http://ichef.bbci.co.uk/arts/yourpaintings/images/paintings/nlw/large/nlw_nlw_kwf00152_large.jpg,http://www.bbc.co.uk/arts/yourpaintings/paintings/dark-mountains-blue-sky-120446,nlw_nlw_kwf00152_large.jpg,
"Williams, Kyffin","Giudecca, Venice",1950-1970,landscape,NLW,Giudecca,,,76,63.1,4795.6,http://ichef.bbci.co.uk/arts/yourpaintings/images/paintings/nlw/large/nlw_nlw_kwf00448_large.jpg,http://www.bbc.co.uk/arts/yourpaintings/paintings/giudecca-venice-120501,nlw_nlw_kwf00448_large.jpg,
"Williams, Kyffin",Green Mountain Landscape,1950-1970,landscape,NLW,unknown,unknown,unknown,51,40.8,2080.8,http://ichef.bbci.co.uk/arts/yourpaintings/images/paintings/nlw/large/nlw_nlw_kwf00111_large.jpg,http://www.bbc.co.uk/arts/yourpaintings/paintings/green-mountain-landscape-120516,nlw_nlw_kwf00111_large.jpg,
"Williams, Kyffin",Green Trees and Fields Beneath a Dark Mountain,1950-1970,landscape,NLW,unknown,unknown,unknown,61,51,3111,http://ichef.bbci.co.uk/arts/yourpaintings/images/paintings/nlw/large/nlw_nlw_kwf00137_large.jpg,http://www.bbc.co.uk/arts/yourpaintings/paintings/green-trees-and-fields-beneath-a-dark-mountain-120492,nlw_nlw_kwf00137_large.jpg,
"Williams, Kyffin","Mountains, North Wales",1950-1970,landscape,NLW,North Wales,,,63.1,76,4795.6,http://ichef.bbci.co.uk/arts/yourpaintings/images/paintings/nlw/large/nlw_nlw_kwf00447_large.jpg,http://www.bbc.co.uk/arts/yourpaintings/paintings/mountains-north-wales-120500,nlw_nlw_kwf00447_large.jpg,
"Williams, Kyffin","Snow and Cloud, Snowdonia",1950-1970,landscape,NLW,Snowdonia,,,76.5,61,4666.5,http://ichef.bbci.co.uk/arts/yourpaintings/images/paintings/nlw/large/nlw_nlw_kwf00138_large.jpg,http://www.bbc.co.uk/arts/yourpaintings/paintings/snow-and-cloud-snowdonia-120463,nlw_nlw_kwf00138_large.jpg,
"Williams, Kyffin",Snowdon Range,1950-1970,landscape,NLW,Snowdon,,,68.6,51,3498.6,http://ichef.bbci.co.uk/arts/yourpaintings/images/paintings/nlw/large/nlw_nlw_kwf00004_large.jpg,http://www.bbc.co.uk/arts/yourpaintings/paintings/snowdon-range-120480,nlw_nlw_kwf00004_large.jpg,
"Williams, Kyffin",Tryfan,1950-1970,landscape,NLW,Tryfan,,,51,40.5,6232.2,http://ichef.bbci.co.uk/arts/yourpaintings/images/paintings/nlw/large/nlw_nlw_kwf00109_large.jpg,http://www.bbc.co.uk/arts/yourpaintings/paintings/tryfan-120517,nlw_nlw_kwf00109_large.jpg,
"Williams, Kyffin",Cloud on Foel Goch,1960-1961,landscape,NLW,Foel Goch,,,112.8,91.3,10298.64,http://ichef.bbci.co.uk/arts/yourpaintings/images/paintings/nlw/large/nlw_nlw_kwf00145_large.jpg,http://www.bbc.co.uk/arts/yourpaintings/paintings/cloud-on-foel-goch-120537,nlw_nlw_kwf00145_large.jpg,
"Williams, Kyffin",Chapel with a Mountain Behind,1960-1970,landscape,NLW,unknown,unknown,unknown,91.6,71.2,6521.92,http://ichef.bbci.co.uk/arts/yourpaintings/images/paintings/nlw/large/nlw_nlw_kwf00398_large.jpg,http://www.bbc.co.uk/arts/yourpaintings/paintings/chapel-with-a-mountain-behind-120524,nlw_nlw_kwf00398_large.jpg,
"Williams, Kyffin",Cnicht,1960-1970,landscape,NLW,Cnicht,,,60.8,50.5,3070.4,http://ichef.bbci.co.uk/arts/yourpaintings/images/paintings/nlw/large/nlw_nlw_kwf00317_large.jpg,http://www.bbc.co.uk/arts/yourpaintings/paintings/cnicht-120457,nlw_nlw_kwf00317_large.jpg,
"Williams, Kyffin","Cottages, Snowdonia",1960-1970,landscape,NLW,Snowdonia,,,51,61,3111,http://ichef.bbci.co.uk/arts/yourpaintings/images/paintings/nlw/large/nlw_nlw_kwf00084_large.jpg,http://www.bbc.co.uk/arts/yourpaintings/paintings/cottages-snowdonia-120547,nlw_nlw_kwf00084_large.jpg,
"Williams, Kyffin",Eryri,1960-1970,landscape,NLW,Eryri,,,50.8,40.8,2072.64,http://ichef.bbci.co.uk/arts/yourpaintings/images/paintings/nlw/large/nlw_nlw_kwf00120_large.jpg,http://www.bbc.co.uk/arts/yourpaintings/paintings/eryri-120588,nlw_nlw_kwf00120_large.jpg,
"Williams, Kyffin",Farm Buildings,1960-1970,landscape,NLW,unknown,unknown,unknown,51,40.5,2065.5,http://ichef.bbci.co.uk/arts/yourpaintings/images/paintings/nlw/large/nlw_nlw_kwf00110_large.jpg,http://www.bbc.co.uk/arts/yourpaintings/paintings/farm-buildings-120507,nlw_nlw_kwf00110_large.jpg,
"Williams, Kyffin",Farmhouse on the horizon in rugged ground,1960-1970,landscape,NLW,unknown,unknown,unknown,91.8,61,5599.8,http://ichef.bbci.co.uk/arts/yourpaintings/images/paintings/nlw/large/nlw_nlw_kwf00146_large.jpg,http://www.bbc.co.uk/arts/yourpaintings/paintings/farmhouse-on-the-horizon-in-rugged-land-120576,nlw_nlw_kwf00146_large.jpg,
"Williams, Kyffin",Hillside Cottages,1960-1970,landscape,NLW,unknown,unknown,unknown,50.6,50.5,2555.3,http://ichef.bbci.co.uk/arts/yourpaintings/images/paintings/nlw/large/nlw_nlw_kwf00315_large.jpg,http://www.bbc.co.uk/arts/yourpaintings/paintings/hillside-cottages-120459,nlw_nlw_kwf00315_large.jpg,
"Williams, Kyffin",Hillside with Trees on the Horizon,1960-1970,landscape,NLW,unknown,unknown,unknown,91.2,71.2,6493.44,http://ichef.bbci.co.uk/arts/yourpaintings/images/paintings/nlw/large/nlw_nlw_kwf00329_large.jpg,http://www.bbc.co.uk/arts/yourpaintings/paintings/hillside-with-trees-on-the-horizon-120445,nlw_nlw_kwf00329_large.jpg,
"Williams, Kyffin",Mist on the Mountains,1960-1970,landscape,NLW,unknown,unknown,unknown,76,55.5,4218,http://ichef.bbci.co.uk/arts/yourpaintings/images/paintings/nlw/large/nlw_nlw_kwf00059_large.jpg,http://www.bbc.co.uk/arts/yourpaintings/paintings/mist-on-the-mountains-120572,nlw_nlw_kwf00059_large.jpg,
"Williams, Kyffin",Moelwyn Bach from Tanygrisiau,1960-1970,landscape,NLW,Tanygrisiau,,,68,50.5,3434,http://ichef.bbci.co.uk/arts/yourpaintings/images/paintings/nlw/large/nlw_nlw_kwf00124_large.jpg,http://www.bbc.co.uk/arts/yourpaintings/paintings/moelwyn-bach-from-tanygrisiau-120582,nlw_nlw_kwf00124_large.jpg,
"Williams, Kyffin",Mountain Summit with low cloud,1960-1970,landscape,NLW,unknown,unknown,unknown,91.5,71,6496.5,http://ichef.bbci.co.uk/arts/yourpaintings/images/paintings/nlw/large/nlw_nlw_kwf00063_large.jpg,http://www.bbc.co.uk/arts/yourpaintings/paintings/mountain-summit-with-low-cloud-120521,nlw_nlw_kwf00063_large.jpg,
"Williams, Kyffin","Mountain Summits, Snowdonia",1960-1970,landscape,NLW,Snowdonia,,,91.3,50.2,4583.26,http://ichef.bbci.co.uk/arts/yourpaintings/images/paintings/nlw/large/nlw_nlw_kwf00052_large.jpg,http://www.bbc.co.uk/arts/yourpaintings/paintings/mountain-summits-snowdonia-120498,nlw_nlw_kwf00052_large.jpg,
"Williams, Kyffin",Nant Ffrancon,1960-1970,landscape,NLW,Nant Ffrancon,,,127.4,76,9682.4,http://ichef.bbci.co.uk/arts/yourpaintings/images/paintings/nlw/large/nlw_nlw_kwf00098_large.jpg,http://www.bbc.co.uk/arts/yourpaintings/paintings/nant-ffrancon-120456,nlw_nlw_kwf00098_large.jpg,
"Williams, Kyffin",Ponies at Dusk,1960-1970,landscape,NLW,unknown,unknown,unknown,91.3,55.8,5094.54,http://ichef.bbci.co.uk/arts/yourpaintings/images/paintings/nlw/large/nlw_nlw_kwf00032_large.jpg,http://www.bbc.co.uk/arts/yourpaintings/paintings/ponies-at-dusk-120496,nlw_nlw_kwf00032_large.jpg,
"Williams, Kyffin",Rhosybol,1960-1970,landscape,NLW,Rhosybol,,,121.7,91,11074.7,http://ichef.bbci.co.uk/arts/yourpaintings/images/paintings/nlw/large/nlw_nlw_kwf00095_large.jpg,http://www.bbc.co.uk/arts/yourpaintings/paintings/rhosybol-120440,nlw_nlw_kwf00095_large.jpg,
"Williams, Kyffin",Rocamdour,1960-1970,landscape,NLW,Rocamdour,,,51,61.2,3121.2,http://ichef.bbci.co.uk/arts/yourpaintings/images/paintings/nlw/large/nlw_nlw_kwf00082_large.jpg,http://www.bbc.co.uk/arts/yourpaintings/paintings/rocamdour-120551,nlw_nlw_kwf00082_large.jpg,
"Williams, Kyffin","Snow on the Mountains, Eryri",1960-1970,landscape,NLW,Eryri,,,76.3,61.2,4669.56,http://ichef.bbci.co.uk/arts/yourpaintings/images/paintings/nlw/large/nlw_nlw_kwf00070_large.jpg,http://www.bbc.co.uk/arts/yourpaintings/paintings/snow-on-the-mountains-eryri-120536,nlw_nlw_kwf00070_large.jpg,
"Williams, Kyffin",Snowdon from Gelli Iago,1960-1970,landscape,NLW,"Gelli Iago, Snowdon",,,91.6,121.7,11147.72,http://ichef.bbci.co.uk/arts/yourpaintings/images/paintings/nlw/large/nlw_nlw_kwf00097_large.jpg,http://www.bbc.co.uk/arts/yourpaintings/paintings/snowdon-from-gelli-iago-120460,nlw_nlw_kwf00097_large.jpg,
"Williams, Kyffin",Snowdon from Ty Obry,1960-1970,landscape,NLW,"Snowdon, Ty Obry",,,240,120,28800,http://ichef.bbci.co.uk/arts/yourpaintings/images/paintings/nlw/large/nlw_nlw_gcf04927_large.jpg,http://www.bbc.co.uk/arts/yourpaintings/paintings/snowdon-from-t-obry-121594,nlw_nlw_gcf04927_large.jpg,
"Williams, Kyffin",Storm Clouds over the Mountains,1960-1970,landscape,NLW,unknown,unknown,unknown,91.6,56,5129.6,http://ichef.bbci.co.uk/arts/yourpaintings/images/paintings/nlw/large/nlw_nlw_kwf00147_large.jpg,http://www.bbc.co.uk/arts/yourpaintings/paintings/storm-clouds-over-the-mountains-120577,nlw_nlw_kwf00147_large.jpg,
"Williams, Kyffin","Welsh Blacks, Llanddona",1960-1970,landscape,NLW,Llanddona,,,61,61,3721,http://ichef.bbci.co.uk/arts/yourpaintings/images/paintings/nlw/large/nlw_nlw_kwf00101_large.jpg,http://www.bbc.co.uk/arts/yourpaintings/paintings/welsh-blacks-llanddona-120504,nlw_nlw_kwf00101_large.jpg,
"Williams, Kyffin",Welsh Pony Grazing at the Coast,1960-1970,landscape,NLW,unknown,unknown,unknown,76.3,56,4272.8,http://ichef.bbci.co.uk/arts/yourpaintings/images/paintings/nlw/large/nlw_nlw_kwf00057_large.jpg,http://www.bbc.co.uk/arts/yourpaintings/paintings/welsh-pony-grazing-at-the-coast-120571,nlw_nlw_kwf00057_large.jpg,
"Williams, Kyffin",Autumn Sunset,1960-1980,landscape,NLW,unknown,unknown,unknown,76.2,60.5,4610.1,http://ichef.bbci.co.uk/arts/yourpaintings/images/paintings/nlw/large/nlw_nlw_kwf00060_large.jpg,http://www.bbc.co.uk/arts/yourpaintings/paintings/autumn-sunset-120573,nlw_nlw_kwf00060_large.jpg,
"Williams, Kyffin","Col des Aravis, Haute Savoie",1960-1980,landscape,NLW,"Col des Aravis, Haute Savoie",,,60.7,45.7,2773.99,http://ichef.bbci.co.uk/arts/yourpaintings/images/paintings/nlw/large/nlw_nlw_kwf00005_large.jpg,http://www.bbc.co.uk/arts/yourpaintings/paintings/col-des-aravis-haute-savoie-120481,nlw_nlw_kwf00005_large.jpg,
"Williams, Kyffin","Cottages, Eryri",1960-1980,landscape,NLW,Eryri,,,45.7,75.8,3464.06,http://ichef.bbci.co.uk/arts/yourpaintings/images/paintings/nlw/large/nlw_nlw_kwf00132_large.jpg,http://www.bbc.co.uk/arts/yourpaintings/paintings/cottages-eryri-120432,nlw_nlw_kwf00132_large.jpg,
"Williams, Kyffin","Cottages, Eryri",1960-1980,landscape,NLW,Eryri,,,75.8,45.7,3464.06,http://ichef.bbci.co.uk/arts/yourpaintings/images/paintings/nlw/large/nlw_nlw_kwf00132_large.jpg,http://www.bbc.co.uk/arts/yourpaintings/paintings/cottages-eryri-120432,nlw_nlw_kwf00132_large.jpg,
"Williams, Kyffin","Cottages, Eryri",1960-1980,landscape,NLW,Eryri,,,50.5,60.5,3055.25,http://ichef.bbci.co.uk/arts/yourpaintings/images/paintings/nlw/large/nlw_nlw_kwf00316_large.jpg,http://www.bbc.co.uk/arts/yourpaintings/paintings/cottages-eryri-120434,nlw_nlw_kwf00316_large.jpg,
"Williams, Kyffin",Mountain Landscape with Trees and a Field in the Foreground,1960-1980,landscape,NLW,unknown,unknown,unknown,76.5,50.5,3863.25,http://ichef.bbci.co.uk/arts/yourpaintings/images/paintings/nlw/large/nlw_nlw_kwf00035_large.jpg,http://www.bbc.co.uk/arts/yourpaintings/paintings/mountain-landscape-with-trees-and-a-field-in-the-foregrou120486,nlw_nlw_kwf00035_large.jpg,
"Williams, Kyffin","Mountains, Snowdonia",1960-1980,landscape,NLW,Snowdonia,,,76.1,60.7,4619.27,http://ichef.bbci.co.uk/arts/yourpaintings/images/paintings/nlw/large/nlw_nlw_kwf00130_large.jpg,http://www.bbc.co.uk/arts/yourpaintings/paintings/mountains-snowdonia-120529,nlw_nlw_kwf00130_large.jpg,
"Williams, Kyffin",Near Capel Curig,1960-1980,landscape,NLW,Capel Curig,,,60.8,50.5,3070.4,http://ichef.bbci.co.uk/arts/yourpaintings/images/paintings/nlw/large/nlw_nlw_kwf00029_large.jpg,http://www.bbc.co.uk/arts/yourpaintings/paintings/near-capel-curig-120493,nlw_nlw_kwf00029_large.jpg,
"Williams, Kyffin",Penmon Coast and Ynys Seiriol,1960-1980,landscape,NLW,"Penmon, Ynys Seiriol",,,91.5,55.3,5059.95,http://ichef.bbci.co.uk/arts/yourpaintings/images/paintings/nlw/large/nlw_nlw_kwf00030_large.jpg,http://www.bbc.co.uk/arts/yourpaintings/paintings/penmon-coast-and-ynys-seiriol-120494,nlw_nlw_kwf00030_large.jpg,
"Williams, Kyffin",Towards the Mountains,1960-1980,landscape,NLW,unknown,unknown,unknown,61,51,3111,http://ichef.bbci.co.uk/arts/yourpaintings/images/paintings/nlw/large/nlw_nlw_kwf00320_large.jpg,http://www.bbc.co.uk/arts/yourpaintings/paintings/towards-the-mountains-120437,nlw_nlw_kwf00320_large.jpg,
"Williams, Kyffin",Tryfan,1960-1980,landscape,NLW,Tryfan,,,122.2,91.2,11144.64,http://ichef.bbci.co.uk/arts/yourpaintings/images/paintings/nlw/large/nlw_nlw_kwf00135_large.jpg,http://www.bbc.co.uk/arts/yourpaintings/paintings/tryfan-120517,nlw_nlw_kwf00135_large.jpg,
"Williams, Kyffin",Mountain Landscape with High Sun,1970-1980,landscape,NLW,unknown,unknown,unknown,76.2,76.3,5814.06,http://ichef.bbci.co.uk/arts/yourpaintings/images/paintings/nlw/large/nlw_nlw_kwf00090_large.jpg,http://www.bbc.co.uk/arts/yourpaintings/paintings/mountain-landscape-with-high-sun-120544,nlw_nlw_kwf00090_large.jpg,
"Williams, Kyffin",Pentrepella,1970-1980,landscape,NLW,Pentrepella,,,76.6,178,13634.8,http://ichef.bbci.co.uk/arts/yourpaintings/images/paintings/nlw/large/nlw_nlw_gcf04965_large.jpg,http://www.bbc.co.uk/arts/yourpaintings/paintings/pentrepella-121383,nlw_nlw_gcf04965_large.jpg,
"Williams, Kyffin",Blue Sky with Brown Hill,1970-1990,landscape,NLW,unknown,unknown,unknown,91.2,55.5,5061.6,http://ichef.bbci.co.uk/arts/yourpaintings/images/paintings/nlw/large/nlw_nlw_kwf00031_large.jpg,http://www.bbc.co.uk/arts/yourpaintings/paintings/blue-sky-with-brown-hill-120495,nlw_nlw_kwf00031_large.jpg,
"Williams, Kyffin",Bryn yr Hen Bobl,1970-1990,landscape,NLW,Bryn yr Hen Bobl,,,61,61,3721,http://ichef.bbci.co.uk/arts/yourpaintings/images/paintings/nlw/large/nlw_nlw_kwf00089_large.jpg,http://www.bbc.co.uk/arts/yourpaintings/paintings/bryn-yr-hen-bobl-120557,nlw_nlw_kwf00089_large.jpg,
"Williams, Kyffin",Cloud on the Mountains,1970-1990,landscape,NLW,n.a.,n.a,n.a.,91.5,71,6496.5,http://ichef.bbci.co.uk/arts/yourpaintings/images/paintings/nlw/large/nlw_nlw_kwf00328_large.jpg,http://www.bbc.co.uk/arts/yourpaintings/paintings/cloud-on-the-mountains-120444,nlw_nlw_kwf00328_large.jpg,
"Williams, Kyffin",Cloud over Crib Coch,1970-1990,landscape,NLW,Crib Coch,,,60.5,60.5,3660.25,http://ichef.bbci.co.uk/arts/yourpaintings/images/paintings/nlw/large/nlw_nlw_kwf00150_large.jpg,http://www.bbc.co.uk/arts/yourpaintings/paintings/cloud-over-crib-goch-120505,nlw_nlw_kwf00150_large.jpg,
"Williams, Kyffin",Craggs and Trees,1970-1990,landscape,NLW,unknown,unknown,unknown,60.5,76,4598,http://ichef.bbci.co.uk/arts/yourpaintings/images/paintings/nlw/large/nlw_nlw_kwf00131_large.jpg,http://www.bbc.co.uk/arts/yourpaintings/paintings/craggs-and-trees-120531,nlw_nlw_kwf00131_large.jpg,
"Williams, Kyffin",Crib Goch with a Blue Sky,1970-1990,landscape,NLW,Crib Goch,,,61,51,3111,http://ichef.bbci.co.uk/arts/yourpaintings/images/paintings/nlw/large/nlw_nlw_kwf00083_large.jpg,http://www.bbc.co.uk/arts/yourpaintings/paintings/crib-goch-with-a-blue-sky-120549,nlw_nlw_kwf00083_large.jpg,
"Williams, Kyffin",Cwm Hetiau,1970-1990,landscape,NLW,n.a.,n.a,n.a.,182.9,121.2,22167.48,http://ichef.bbci.co.uk/arts/yourpaintings/images/paintings/nlw/large/nlw_nlw_kwf00149_large.jpg,http://www.bbc.co.uk/arts/yourpaintings/paintings/cwm-hetiau-120452,nlw_nlw_kwf00149_large.jpg,
"Williams, Kyffin","Dark Mountains, Eryri",1970-1990,landscape,NLW,Eryri,,,91.2,70.7,6447.84,http://ichef.bbci.co.uk/arts/yourpaintings/images/paintings/nlw/large/nlw_nlw_kwf00314_large.jpg,http://www.bbc.co.uk/arts/yourpaintings/paintings/dark-mountains-eryri-120526,nlw_nlw_kwf00314_large.jpg,
"Williams, Kyffin","Farm Building, Eryri",1970-1990,landscape,NLW,Eryri,,,75.7,50.5,3822.85,http://ichef.bbci.co.uk/arts/yourpaintings/images/paintings/nlw/large/nlw_nlw_kwf00051_large.jpg,http://www.bbc.co.uk/arts/yourpaintings/paintings/farm-building-eryri-120535,nlw_nlw_kwf00051_large.jpg,
"Williams, Kyffin",Farmer at Dusk,1970-1990,landscape,NLW,unknown,unknown,unknown,50.7,68.3,3462.81,http://ichef.bbci.co.uk/arts/yourpaintings/images/paintings/nlw/large/nlw_nlw_kwf00127_large.jpg,http://www.bbc.co.uk/arts/yourpaintings/paintings/farmer-at-dusk-120586,nlw_nlw_kwf00127_large.jpg,
"Williams, Kyffin",Grey Cloud and Sun over the Mountains,1970-1990,landscape,NLW,unknown,unknown,unknown,68.5,50.8,3479.8,http://ichef.bbci.co.uk/arts/yourpaintings/images/paintings/nlw/large/nlw_nlw_kwf00003_large.jpg,http://www.bbc.co.uk/arts/yourpaintings/paintings/grey-cloud-and-sun-over-the-mountains-120479,nlw_nlw_kwf00003_large.jpg,
"Williams, Kyffin","Lowlight, Eryri",1970-1990,landscape,NLW,Eryri,,,76,76,5776,http://ichef.bbci.co.uk/arts/yourpaintings/images/paintings/nlw/large/nlw_nlw_kwf00091_large.jpg,http://www.bbc.co.uk/arts/yourpaintings/paintings/lowlight-eryri-120542,nlw_nlw_kwf00091_large.jpg,
"Williams, Kyffin","Meadows, Mist and Mountains",1970-1990,landscape,NLW,unknown,unknown,unknown,55.5,45.6,2530.8,http://ichef.bbci.co.uk/arts/yourpaintings/images/paintings/nlw/large/nlw_nlw_kwf00033_large.jpg,http://www.bbc.co.uk/arts/yourpaintings/paintings/meadows-mist-and-mountains-120515,nlw_nlw_kwf00033_large.jpg,
"Williams, Kyffin",Mountain Stream with Trees,1970-1990,landscape,NLW,unknown,unknown,unknown,68,55.5,3774,http://ichef.bbci.co.uk/arts/yourpaintings/images/paintings/nlw/large/nlw_nlw_kwf00044_large.jpg,http://www.bbc.co.uk/arts/yourpaintings/paintings/mountain-stream-with-trees-120518,nlw_nlw_kwf00044_large.jpg,
"Williams, Kyffin",Mountains with Blue Sky,1970-1990,landscape,NLW,unknown,unknown,unknown,76.2,56,4267.2,http://ichef.bbci.co.uk/arts/yourpaintings/images/paintings/nlw/large/nlw_nlw_kwf00056_large.jpg,http://www.bbc.co.uk/arts/yourpaintings/paintings/mountains-with-blue-sky-120570,nlw_nlw_kwf00056_large.jpg,
"Williams, Kyffin","Mountains, Eryri, with Cloud",1970-1990,landscape,NLW,Eryri,,,90.7,91.5,8299.05,,http://www.bbc.co.uk/arts/yourpaintings/paintings/mountains-eryri-with-cloud-120462,nlw_nlw_kwf00139_large.jpg,
"Williams, Kyffin","Mountains, Eryri, with Cloud",1970-1990,landscape,NLW,Eryri,,,90.7,91.5,8299.05,http://ichef.bbci.co.uk/arts/yourpaintings/images/paintings/nlw/large/nlw_nlw_kwf00139_large.jpg,http://www.bbc.co.uk/arts/yourpaintings/paintings/mountains-eryri-with-cloud-120462,nlw_nlw_kwf00139_large.jpg,
"Williams, Kyffin",Mynydd Mawr a'r Wyddfa,1970-1990,landscape,NLW,Wyddfa,,,91.5,61,5581.5,http://ichef.bbci.co.uk/arts/yourpaintings/images/paintings/nlw/large/nlw_nlw_kwf00148_large.jpg,http://www.bbc.co.uk/arts/yourpaintings/paintings/mynydd-mawr-ar-wyddfa-120579,nlw_nlw_kwf00148_large.jpg,
"Williams, Kyffin",Path beneath Crib Goch,1970-1990,landscape,NLW,Crib Coch,,,76,76,5776,http://ichef.bbci.co.uk/arts/yourpaintings/images/paintings/nlw/large/nlw_nlw_kwf00076_large.jpg,http://www.bbc.co.uk/arts/yourpaintings/paintings/path-below-crib-goch-120545,nlw_nlw_kwf00076_large.jpg,
"Williams, Kyffin",Road to the Farm,1970-1990,landscape,NLW,unknown/ Llanfairynghornwy,,,76.2,50.5,3848.1,http://ichef.bbci.co.uk/arts/yourpaintings/images/paintings/nlw/large/nlw_nlw_kwf00036_large.jpg,http://www.bbc.co.uk/arts/yourpaintings/paintings/road-to-the-farm-120489,nlw_nlw_kwf00036_large.jpg,
"Williams, Kyffin",Rugged Mountains with Low Cloud,1970-1990,landscape,NLW,unknown,unknown,unknown,91.6,91.3,8363.08,http://ichef.bbci.co.uk/arts/yourpaintings/images/paintings/nlw/large/nlw_nlw_kwf00134_large.jpg,http://www.bbc.co.uk/arts/yourpaintings/paintings/rugged-mountains-with-low-cloud-120443,nlw_nlw_kwf00134_large.jpg,
"Williams, Kyffin",Snowdonian Summits,1970-1990,landscape,NLW,unknown,unknown,unknown,76,50.5,3838,http://ichef.bbci.co.uk/arts/yourpaintings/images/paintings/nlw/large/nlw_nlw_kwf00045_large.jpg,http://www.bbc.co.uk/arts/yourpaintings/paintings/snowdonian-summits-120559,nlw_nlw_kwf00045_large.jpg,
"Williams, Kyffin","Summer, Snowdonia",1970-1990,landscape,NLW,Snowdonia,,,61,76,4636,http://ichef.bbci.co.uk/arts/yourpaintings/images/paintings/nlw/large/nlw_nlw_kwf00067_large.jpg,http://www.bbc.co.uk/arts/yourpaintings/paintings/summer-snowdonia-120540,nlw_nlw_kwf00067_large.jpg,
"Williams, Kyffin",The Path from the Shore,1970-1990,landscape,NLW,unknown,unknown,unknown,91.2,91.5,8344.8,http://ichef.bbci.co.uk/arts/yourpaintings/images/paintings/nlw/large/nlw_nlw_kwf00055_large.jpg,http://www.bbc.co.uk/arts/yourpaintings/paintings/the-path-from-the-shore-120569,nlw_nlw_kwf00055_large.jpg,
"Williams, Kyffin",Traeth Coch,1970-1990,landscape,NLW,Traeth Coch,,,127.2,76.1,9679.92,http://ichef.bbci.co.uk/arts/yourpaintings/images/paintings/nlw/large/nlw_nlw_kwf00114_large.jpg,http://www.bbc.co.uk/arts/yourpaintings/paintings/traeth-coch-120568,nlw_nlw_kwf00114_large.jpg,
"Williams, Kyffin",Alpine Mountains/Y Grib Goch,1990-2006,landscape,NLW,Crib Goch,,,60.8,50.5,3070.4,http://ichef.bbci.co.uk/arts/yourpaintings/images/paintings/nlw/large/nlw_nlw_kwf00081_large.jpg,http://www.bbc.co.uk/arts/yourpaintings/paintings/alpine-mountainsy-grib-goch-120552,nlw_nlw_kwf00081_large.jpg,
"Williams, Kyffin",Cottage in the Fields,1990-2006,landscape,NLW,unknown,unknown,unknown,60.7,50.5,3065.35,http://ichef.bbci.co.uk/arts/yourpaintings/images/paintings/nlw/large/nlw_nlw_kwf00079_large.jpg,http://www.bbc.co.uk/arts/yourpaintings/paintings/cottage-in-the-fields-120553,nlw_nlw_kwf00079_large.jpg,
"Williams, Kyffin",Gyrn Las,1990-2006,landscape,NLW,Gyrn Las,,,76.2,50.3,3832.86,http://ichef.bbci.co.uk/arts/yourpaintings/images/paintings/nlw/large/nlw_nlw_kwf00048_large.jpg,http://www.bbc.co.uk/arts/yourpaintings/paintings/gyrn-las-120563,nlw_nlw_kwf00048_large.jpg,
"Williams, Kyffin",Lone Cottage,1990-2006,landscape,NLW,unknown,unknown,unknown,76.2,50.7,3863.34,http://ichef.bbci.co.uk/arts/yourpaintings/images/paintings/nlw/large/nlw_nlw_kwf00075_large.jpg,http://www.bbc.co.uk/arts/yourpaintings/paintings/lone-cottage-120508,nlw_nlw_kwf00075_large.jpg,
"Williams, Kyffin",Moonlight above Gwynant,1990-2006,landscape,NLW,Gwynant,,,121.9,121.9,14859.61,http://ichef.bbci.co.uk/arts/yourpaintings/images/paintings/nlw/large/nlw_nlw_kwf00105_large.jpg,http://www.bbc.co.uk/arts/yourpaintings/paintings/moonlight-above-gwynant-120451,nlw_nlw_kwf00105_large.jpg,
"Williams, Kyffin",Mountain Valley Cottages,1990-2006,landscape,NLW,unknown,unknown,unknown,71.2,91.5,6514.8,http://ichef.bbci.co.uk/arts/yourpaintings/images/paintings/nlw/large/nlw_nlw_kwf00065_large.jpg,http://www.bbc.co.uk/arts/yourpaintings/paintings/mountain-valley-cottages-120523,nlw_nlw_kwf00065_large.jpg,
"Williams, Kyffin",Ponies on Sea Cliff,1990-2006,landscape,NLW,unknown,unknown,unknown,76,76.1,5783.6,http://ichef.bbci.co.uk/arts/yourpaintings/images/paintings/nlw/large/nlw_nlw_kwf00077_large.jpg,http://www.bbc.co.uk/arts/yourpaintings/paintings/ponies-on-a-sea-cliff-120541,nlw_nlw_kwf00077_large.jpg,
"Williams, Kyffin",Snowdon range,1990-2006,landscape,NLW,Snowdon,,,126.3,76.2,9624.06,http://ichef.bbci.co.uk/arts/yourpaintings/images/paintings/nlw/large/nlw_nlw_kwf00141_large.jpg,http://www.bbc.co.uk/arts/yourpaintings/paintings/snowdon-range-120465,nlw_nlw_kwf00141_large.jpg,
"Williams, Kyffin",Storm Approaching,1990-2006,landscape,NLW,unknown,unknown,unknown,90.9,90.9,8262.81,http://ichef.bbci.co.uk/arts/yourpaintings/images/paintings/nlw/large/nlw_nlw_kwf00093_large.jpg,http://www.bbc.co.uk/arts/yourpaintings/paintings/storm-approaching-120565,nlw_nlw_kwf00093_large.jpg,
"Williams, Kyffin","Storm Approaching, Eryri",1990-2006,landscape,NLW,Eryri,,,76,50.5,3838,http://ichef.bbci.co.uk/arts/yourpaintings/images/paintings/nlw/large/nlw_nlw_kwf00047_large.jpg,http://www.bbc.co.uk/arts/yourpaintings/paintings/storm-approaching-eryri-120561,nlw_nlw_kwf00047_large.jpg,
"Williams, Kyffin",The Way to the Cottages,1990-2006,landscape,NLW,unknown,unknown,unknown,91.2,60.7,5535.84,http://ichef.bbci.co.uk/arts/yourpaintings/images/paintings/nlw/large/nlw_nlw_kwf00062_large.jpg,http://www.bbc.co.uk/arts/yourpaintings/paintings/the-way-to-the-cottages-120575,nlw_nlw_kwf00062_large.jpg,
"Williams, Kyffin","Conservatory, Highgate",1944,landscape,NLW,Highgate,,,59.5,60,3570,http://ichef.bbci.co.uk/arts/yourpaintings/images/paintings/nlw/large/nlw_nlw_gcf05125_large.jpg,http://www.bbc.co.uk/arts/yourpaintings/paintings/conservatory-highgate-119906,nlw_nlw_gcf05125_large.jpg,
"Williams, Kyffin",Euros Hughes Irrigating his Fields,1969,landscape,NLW,Patagonia,,,50,50,2500,http://ichef.bbci.co.uk/arts/yourpaintings/images/paintings/nlw/large/nlw_nlw_gcf02713_large.jpg,http://www.bbc.co.uk/arts/yourpaintings/paintings/euros-hughes-irrigating-his-fields-120727,nlw_nlw_gcf02713_large.jpg,
"Williams, Kyffin","Henry Roberts, Bryngwyn, Patagonia",1969,landscape,NLW,"Bryngwyn, Patagonia",,,120.5,120.5,14520.25,http://ichef.bbci.co.uk/arts/yourpaintings/images/paintings/nlw/624x544/nlw_nlw_gcf06830_624x544.jpg,http://www.bbc.co.uk/arts/yourpaintings/paintings/henry-roberts-bryngwyn-patagonia-120104,nlw_nlw_gcf06830_large.jpg,
"Williams, Kyffin",Man and horse in the desert,1969,landscape,NLW,Patagonia,,,98,90.2,8839.6,http://ichef.bbci.co.uk/arts/yourpaintings/images/paintings/nlw/large/nlw_nlw_gcf02740_large.jpg,http://www.bbc.co.uk/arts/yourpaintings/paintings/man-and-horse-in-the-desert-120726,nlw_nlw_gcf02740_large.jpg,
"Williams, Kyffin",Farmers on the Moelwyns: Llwybr Iddew Mawr,1970,landscape,NLW,Llwybr Iddew Mawr,,,121,182,22022,http://ichef.bbci.co.uk/arts/yourpaintings/images/paintings/nlw/large/nlw_nlw_gcf00223_large.jpg,http://www.bbc.co.uk/arts/yourpaintings/paintings/farmers-on-the-moelwyns-llwybr-iddew-mawr-120058,nlw_nlw_gcf00223_large.jpg,
"Williams, Kyffin","Gardeners at Work, near Church",1940-1950,landscape,NLW,unknown,unknown,unknown,32.9,40,1316,http://ichef.bbci.co.uk/arts/yourpaintings/images/paintings/nlw/large/nlw_nlw_kwf00392_large.jpg,http://www.bbc.co.uk/arts/yourpaintings/paintings/gardener-at-work-near-a-church-120438,nlw_nlw_kwf00392_large.jpg,
"Williams, Kyffin",Farmer and Dog Climbing a Rocky path,1950-1960,landscape,NLW,unknown,unknown,unknown,65.7,50.6,3324.42,http://ichef.bbci.co.uk/arts/yourpaintings/images/paintings/nlw/large/nlw_nlw_kwf00088_large.jpg,http://www.bbc.co.uk/arts/yourpaintings/paintings/farmer-and-dog-climbing-a-rocky-path-120555,nlw_nlw_kwf00088_large.jpg,
"Williams, Kyffin",Farmer and Dog in the Mountains,1950-1970,landscape,NLW,unknown,unknown,unknown,77.7,61.2,4755.24,http://ichef.bbci.co.uk/arts/yourpaintings/images/paintings/nlw/large/nlw_nlw_kwf00068_large.jpg,http://www.bbc.co.uk/arts/yourpaintings/paintings/farmer-and-dog-in-the-mountains-120539,nlw_nlw_kwf00068_large.jpg,
"Williams, Kyffin",Three Farmers on a Mountain Path,1960-1970,landscape,NLW,unknown,unknown,unknown,68.7,50.7,3483.09,http://ichef.bbci.co.uk/arts/yourpaintings/images/paintings/nlw/large/nlw_nlw_kwf00106_large.jpg,http://www.bbc.co.uk/arts/yourpaintings/paintings/three-farmers-on-a-mountain-path-120510,nlw_nlw_kwf00106_large.jpg,
"Williams, Kyffin",Hamlet on the Horizon,1970-1980,landscape,NLW,unknown,unknown,unknown,50.7,40.5,2053.35,http://ichef.bbci.co.uk/arts/yourpaintings/images/paintings/nlw/large/nlw_nlw_kwf00446_large.jpg,http://www.bbc.co.uk/arts/yourpaintings/paintings/hamlet-on-the-horizon-120485,nlw_nlw_kwf00446_large.jpg,
"Williams, Kyffin",Farmer in Eryri,1970-1990,landscape,NLW,Eryri,,,60.7,50.7,3077.49,http://ichef.bbci.co.uk/arts/yourpaintings/images/paintings/nlw/large/nlw_nlw_kwf00080_large.jpg,http://www.bbc.co.uk/arts/yourpaintings/paintings/farmer-in-eryri-120550,nlw_nlw_kwf00080_large.jpg,
"Williams, Kyffin",The Gathering (Farmers on Glyder Fach),1980-1990,landscape,NLW,Glyder Fach,,,183,122,22326,http://ichef.bbci.co.uk/arts/yourpaintings/images/paintings/nlw/large/nlw_nlw_gcf02358_large.jpg,http://www.bbc.co.uk/arts/yourpaintings/paintings/the-gathering-farmers-on-glyder-fach-120999,nlw_nlw_gcf02358_large.jpg,
"Williams, Kyffin",Farmer on the Mountain,1984-1990,landscape,NLW,unknown,unknown,unknown,121.7,91.4,11123.38,http://ichef.bbci.co.uk/arts/yourpaintings/images/paintings/nlw/large/nlw_nlw_kwf00096_large.jpg,http://www.bbc.co.uk/arts/yourpaintings/paintings/farmer-on-the-mountain-120454,nlw_nlw_kwf00096_large.jpg,
"Williams, Kyffin",Farmer with Following Dog,1990-2006,landscape,NLW,unknown,unknown,unknown,61,60.8,3708.8,http://ichef.bbci.co.uk/arts/yourpaintings/images/paintings/nlw/large/nlw_nlw_kwf00085_large.jpg,http://www.bbc.co.uk/arts/yourpaintings/paintings/farmer-with-following-dog-120556,nlw_nlw_kwf00085_large.jpg,
"Williams, Kyffin",Farmer Amongst the Rocks,1990-2006,landscape,NLW,unknown,unknown,unknown,91,60.7,5523.7,http://ichef.bbci.co.uk/arts/yourpaintings/images/paintings/nlw/large/nlw_nlw_kwf00061_large.jpg,http://www.bbc.co.uk/arts/yourpaintings/paintings/farmer-amongst-the-rocks-120574,nlw_nlw_kwf00061_large.jpg,
"Williams, Kyffin",An Officer of the Royal Welch Fusiliers,1945,portrait,NLW,n.a.,n.a,n.a.,40.5,60.7,2458.35,http://ichef.bbci.co.uk/arts/yourpaintings/images/paintings/nlw/large/nlw_nlw_kwf00117_large.jpg,http://www.bbc.co.uk/arts/yourpaintings/paintings/an-officer-of-the-royal-welch-fusiliers-120436,nlw_nlw_kwf00117_large.jpg,
"Williams, Kyffin",John Dafydd Evans,1945,portrait,NLW,n.a.,n.a.,n.a.,36.5,25.5,930.75,http://ichef.bbci.co.uk/arts/yourpaintings/images/paintings/nlw/large/nlw_nlw_gcf06929_large.jpg,http://www.bbc.co.uk/arts/yourpaintings/paintings/john-dafydd-evans-19001984-121286,nlw_nlw_gcf06929_large.jpg,
"Williams, Kyffin",Young Woman Looking Forward,1950,portrait,NLW,n.a.,n.a,n.a.,40.7,60.9,2478.63,http://ichef.bbci.co.uk/arts/yourpaintings/images/paintings/nlw/large/nlw_nlw_kwf00108_large.jpg,http://www.bbc.co.uk/arts/yourpaintings/paintings/young-woman-looking-forward-120514,nlw_nlw_kwf00108_large.jpg,
"Williams, Kyffin",Self Portrait,1953,portrait,NLW,n.a.,n.a.,n.a.,13,32,416,http://ichef.bbci.co.uk/arts/yourpaintings/images/paintings/nlw/large/nlw_nlw_gcf10359_large.jpg,http://www.bbc.co.uk/arts/yourpaintings/paintings/self-portrait-119806,nlw_nlw_gcf10359_large.jpg,
"Williams, Kyffin",Fred Ulhman,1960,portrait,NLW,n.a.,n.a,n.a.,61,51,3111,http://ichef.bbci.co.uk/arts/yourpaintings/images/paintings/nlw/large/nlw_nlw_gcf05257_large.jpg,http://www.bbc.co.uk/arts/yourpaintings/paintings/fred-uhlman-19011985-119867,nlw_nlw_gcf05257_large.jpg,
"Williams, Kyffin","Marie Levy, nee Wooler",1960,portrait,NLW,n.a.,n.a.,n.a.,50,60,3000,http://ichef.bbci.co.uk/arts/yourpaintings/images/paintings/nlw/large/nlw_nlw_gcf05212_large.jpg,http://www.bbc.co.uk/arts/yourpaintings/paintings/marie-levy-nee-wooler-121318,nlw_nlw_gcf05212_large.jpg,
"Williams, Kyffin",Charles Evans,1967,portrait,NLW,n.a.,n.a.,n.a.,51.5,61.1,3146.65,http://ichef.bbci.co.uk/arts/yourpaintings/images/paintings/nlw/large/nlw_nlw_gcf05024_large.jpg,http://www.bbc.co.uk/arts/yourpaintings/paintings/charles-evans-121285,nlw_nlw_gcf05024_large.jpg,
"Williams, Kyffin",Jack Raymond Jones,1969,portrait,NLW,n.a.,n.a.,n.a.,55,90.5,4977.5,http://ichef.bbci.co.uk/arts/yourpaintings/images/paintings/nlw/large/nlw_nlw_gcf04445_large.jpg,http://www.bbc.co.uk/arts/yourpaintings/paintings/jack-raymond-jones-121243,nlw_nlw_gcf04445_large.jpg,
"Williams, Kyffin",Ann Griffiths,1970,portrait,NLW,n.a.,n.a.,n.a.,49.7,54.3,2698.71,http://ichef.bbci.co.uk/arts/yourpaintings/images/paintings/nlw/large/nlw_nlw_gcf02540_large.jpg,http://www.bbc.co.uk/arts/yourpaintings/paintings/ann-griffiths-b-1935-121002,nlw_nlw_gcf02540_large.jpg,
"Williams, Kyffin",Dr Alun Oldfield Davies,1970,portrait,NLW,n.a.,n.a.,n.a.,91.5,121.5,11117.25,http://ichef.bbci.co.uk/arts/yourpaintings/images/paintings/nlw/large/nlw_nlw_gcf05254_large.jpg,http://www.bbc.co.uk/arts/yourpaintings/paintings/dr-alun-oldfield-davies-19051988-cbe-119868,nlw_nlw_gcf05254_large.jpg,
"Williams, Kyffin",Sir Thomas Parry,1970,portrait,NLW,n.a.,n.a.,n.a.,90.5,75.5,6832.75,http://ichef.bbci.co.uk/arts/yourpaintings/images/paintings/nlw/large/nlw_nlw_gcf01567_large.jpg,http://www.bbc.co.uk/arts/yourpaintings/paintings/sir-thomas-parry-19041985-121468,nlw_nlw_gcf01567_large.jpg,
"Williams, Kyffin",William Moelwyn Merchant,1970,portrait,NLW,n.a.,n.a.,n.a.,90,90,8100,http://ichef.bbci.co.uk/arts/yourpaintings/images/paintings/nlw/large/nlw_nlw_gcf05062_large.jpg,http://www.bbc.co.uk/arts/yourpaintings/paintings/william-moelwyn-merchant-19131997-121229,nlw_nlw_gcf05062_large.jpg,
"Williams, Kyffin",Miss Parry,1979,portrait,NLW,n.a.,n.a.,n.a.,49.2,110,5412,http://ichef.bbci.co.uk/arts/yourpaintings/images/paintings/nlw/large/nlw_nlw_gcf03772_large.jpg,http://www.bbc.co.uk/arts/yourpaintings/paintings/miss-parry-121196,nlw_nlw_gcf03772_large.jpg,
"Williams, Kyffin",R.S. Thomas,1980,portrait,NLW,n.a.,n.a.,n.a.,91,91,8281,http://ichef.bbci.co.uk/arts/yourpaintings/images/paintings/nlw/large/nlw_nlw_gcf05222_large.jpg,http://www.bbc.co.uk/arts/yourpaintings/paintings/r-s-thomas-19132000-119943,nlw_nlw_gcf05222_large.jpg,
"Williams, Kyffin",Woman with a Duster,1990,portrait,NLW,n.a.,n.a,n.a.,91,121.5,11056.5,http://ichef.bbci.co.uk/arts/yourpaintings/images/paintings/nlw/large/nlw_nlw_kwf00104_large.jpg,http://www.bbc.co.uk/arts/yourpaintings/paintings/grey-sky-and-dark-mountains-120458,nlw_nlw_kwf00104_large.jpg,
"Williams, Kyffin",Self Portrait,1997,portrait,NLW,n.a.,n.a.,n.a.,74.7,124.5,9300.15,http://ichef.bbci.co.uk/arts/yourpaintings/images/paintings/nlw/large/nlw_nlw_gcf00113_large.jpg,http://www.bbc.co.uk/arts/yourpaintings/paintings/self-portrait-120020,nlw_nlw_gcf00113_large.jpg,
"Williams, Kyffin",Golfer Resting,1940-1950,portrait,NLW,n.a.,n.a,n.a.,26.7,20.3,542.01,http://ichef.bbci.co.uk/arts/yourpaintings/images/paintings/nlw/large/nlw_nlw_kwf00331_large.jpg,http://www.bbc.co.uk/arts/yourpaintings/paintings/golfer-resting-120477,nlw_nlw_kwf00331_large.jpg,
"Williams, Kyffin",Self Portrait,1940-1950,portrait,NLW,n.a.,n.a.,n.a.,29.4,34.7,1020.18,http://ichef.bbci.co.uk/arts/yourpaintings/images/paintings/nlw/large/nlw_nlw_kwf00396_large.jpg,http://www.bbc.co.uk/arts/yourpaintings/paintings/self-portrait-120461,nlw_nlw_kwf00396_large.jpg,
"Williams, Kyffin",The Cleric,1940-1950,portrait,NLW,n.a.,n.a.,n.a.,61.2,91.3,5587.56,http://ichef.bbci.co.uk/arts/yourpaintings/images/paintings/nlw/large/nlw_nlw_kwf00053_large.jpg,http://www.bbc.co.uk/arts/yourpaintings/paintings/the-cleric-120468,nlw_nlw_kwf00053_large.jpg,
"Williams, Kyffin",Nun at a Crucifix,1950-1960,portrait,NLW,n.a.,n.a,n.a.,61.5,76.8,4723.2,http://ichef.bbci.co.uk/arts/yourpaintings/images/paintings/nlw/large/nlw_nlw_kwf00071_large.jpg,http://www.bbc.co.uk/arts/yourpaintings/paintings/nun-at-a-crucifix-120534,nlw_nlw_kwf00071_large.jpg,
"Williams, Kyffin",Michelle,1950-1970,portrait,NLW,n.a.,n.a.,n.a.,50.5,60.5,3055.25,http://ichef.bbci.co.uk/arts/yourpaintings/images/paintings/nlw/large/nlw_nlw_kwf00028_large.jpg,http://www.bbc.co.uk/arts/yourpaintings/paintings/michelle-120491,nlw_nlw_kwf00028_large.jpg,
"Williams, Kyffin",Portrait of a Young Woman Looking Left,1950-1970,portrait,NLW,n.a.,n.a.,n.a.,51,61,3111,http://ichef.bbci.co.uk/arts/yourpaintings/images/paintings/nlw/large/nlw_nlw_kwf00001_large.jpg,http://www.bbc.co.uk/arts/yourpaintings/paintings/portrait-of-a-young-woman-looking-left-120476,nlw_nlw_kwf00001_large.jpg,
"Williams, Kyffin","Young Girl with a Black Dress, Standing",1950-1970,portrait,NLW,n.a.,n.a,n.a.,76,50.5,3838,http://ichef.bbci.co.uk/arts/yourpaintings/images/paintings/nlw/large/nlw_nlw_kwf00040_large.jpg,http://www.bbc.co.uk/arts/yourpaintings/paintings/young-girl-with-a-black-dress-standing-120469,nlw_nlw_kwf00040_large.jpg,
"Williams, Kyffin",Dr Llywellyn Wyn Griffith,1960-1979,portrait,NLW,n.a.,n.a.,n.a.,70,90,6300,http://ichef.bbci.co.uk/arts/yourpaintings/images/paintings/nlw/large/nlw_nlw_gcf06814_large.jpg,http://www.bbc.co.uk/arts/yourpaintings/paintings/dr-llewellyn-wyn-griffith-18901977-120062,nlw_nlw_gcf06814_large.jpg,
"Williams, Kyffin",Keith Andrew,1980-1990,portrait,NLW,n.a.,n.a.,n.a.,74.5,74.5,5550.25,http://ichef.bbci.co.uk/arts/yourpaintings/images/paintings/nlw/large/nlw_nlw_gcf02695_large.jpg,http://www.bbc.co.uk/arts/yourpaintings/paintings/keith-andrew-b-1947-121105,nlw_nlw_gcf02695_large.jpg,
"Williams, Kyffin",Girl Guide 1,1990-2006,portrait,NLW,n.a.,n.a.,n.a.,76.2,76.1,5798.82,http://ichef.bbci.co.uk/arts/yourpaintings/images/paintings/nlw/large/nlw_nlw_kwf00116_large.jpg,http://www.bbc.co.uk/arts/yourpaintings/paintings/girl-guide-1-120511,nlw_nlw_kwf00116_large.jpg,
"Williams, Kyffin",Girl Guide 2,1990-2006,portrait,NLW,n.a.,n.a.,n.a.,76.5,76.5,5852.25,http://ichef.bbci.co.uk/arts/yourpaintings/images/paintings/nlw/large/nlw_nlw_kwf00136_large.jpg,http://www.bbc.co.uk/arts/yourpaintings/paintings/girl-guide-2-120429,nlw_nlw_kwf00136_large.jpg,
"Williams, Kyffin",Hugh Rowlands,1990-2006,portrait,NLW,n.a.,n.a.,n.a.,61,50.7,3092.7,http://ichef.bbci.co.uk/arts/yourpaintings/images/paintings/nlw/large/nlw_nlw_kwf00107_large.jpg,http://www.bbc.co.uk/arts/yourpaintings/paintings/hugh-rowlands-120509,nlw_nlw_kwf00107_large.jpg,
"Williams, Kyffin",Henry Williams o Hafotty,s.d.,portrait,NLW,n.a.,n.a.,n.a.,50.5,68.5,3459.25,http://ichef.bbci.co.uk/arts/yourpaintings/images/paintings/nlw/large/nlw_nlw_gcf02784_large.jpg,http://www.bbc.co.uk/arts/yourpaintings/paintings/henry-williams-o-hafotty-18881960-121060,nlw_nlw_gcf02784_large.jpg,
"Williams, Kyffin","Storm, Trearddur",1996,seascape,NLW,Trearddur,,,90.5,60,5430,http://ichef.bbci.co.uk/arts/yourpaintings/images/paintings/nlw/large/nlw_nlw_gcf06857_large.jpg,http://www.bbc.co.uk/arts/yourpaintings/paintings/storm-trearddur-119870,nlw_nlw_gcf06857_large.jpg,
"Williams, Kyffin","Sunset, Anglesey",2004,seascape,NLW,Anglesey,,,91,91,8281,http://ichef.bbci.co.uk/arts/yourpaintings/images/paintings/nlw/large/nlw_nlw_gcf08104_large.jpg,http://www.bbc.co.uk/arts/yourpaintings/paintings/sunset-anglesey-119720,nlw_nlw_gcf08104_large.jpg,
"Williams, Kyffin",Dark Hills Across the Water,1950-1970,seascape,NLW,unknown,unknown,unknown,91.5,50.5,4620.75,http://ichef.bbci.co.uk/arts/yourpaintings/images/paintings/nlw/large/nlw_nlw_kwf00151_large.jpg,http://www.bbc.co.uk/arts/yourpaintings/paintings/dark-hills-across-the-water-120497,nlw_nlw_kwf00151_large.jpg,
"Williams, Kyffin",Stormy Sky and Distant Mountain,1960-1980,seascape,NLW,unknown,unknown,unknown,61,50.4,3074.4,http://ichef.bbci.co.uk/arts/yourpaintings/images/paintings/nlw/large/nlw_nlw_kwf00321_large.jpg,http://www.bbc.co.uk/arts/yourpaintings/paintings/stormy-sky-and-distant-mountain-120435,nlw_nlw_kwf00321_large.jpg,
"Williams, Kyffin",Coastal Sunset,1970-1990,seascape,NLW,unknown,unknown,unknown,76.2,76.2,5806.44,http://ichef.bbci.co.uk/arts/yourpaintings/images/paintings/nlw/large/nlw_nlw_kwf00010_large.jpg,http://www.bbc.co.uk/arts/yourpaintings/paintings/coastal-sunset-120543,nlw_nlw_kwf00010_large.jpg,
"Williams, Kyffin",Pwllderi,1970-1990,seascape,NLW,Pwllderi,,,61,51.3,3129.3,http://ichef.bbci.co.uk/arts/yourpaintings/images/paintings/nlw/large/nlw_nlw_kwf00086_large.jpg,http://www.bbc.co.uk/arts/yourpaintings/paintings/pwllderi-120548,nlw_nlw_kwf00086_large.jpg,
"Williams, Kyffin",Winter Coast,1970-1990,seascape,NLW,unknown,unknown,unknown,76.5,50.9,3893.85,http://ichef.bbci.co.uk/arts/yourpaintings/images/paintings/nlw/large/nlw_nlw_kwf00038_large.jpg,http://www.bbc.co.uk/arts/yourpaintings/paintings/winter-coast-120475,nlw_nlw_kwf00038_large.jpg,
"Williams, Kyffin",Across the Water,1990-2006,seascape,NLW,unknown,unknown,unknown,76,50.3,3822.8,http://ichef.bbci.co.uk/arts/yourpaintings/images/paintings/nlw/large/nlw_nlw_kwf00041_large.jpg,http://www.bbc.co.uk/arts/yourpaintings/paintings/across-the-water-120470,nlw_nlw_kwf00041_large.jpg,
"Williams, Kyffin",Coastal Sunset,1990-2006,seascape,NLW,unknown,unknown,unknown,50.5,75.7,3822.85,http://ichef.bbci.co.uk/arts/yourpaintings/images/paintings/nlw/large/nlw_nlw_kwf00046_large.jpg,http://www.bbc.co.uk/arts/yourpaintings/paintings/coastal-sunset-120560,nlw_nlw_kwf00046_large.jpg,
"Williams, Kyffin",Storm from the Beach,1990-2006,seascape,NLW,unknown,unknown,unknown,91.2,61,5563.2,http://ichef.bbci.co.uk/arts/yourpaintings/images/paintings/nlw/large/nlw_nlw_kwf00142_large.jpg,http://www.bbc.co.uk/arts/yourpaintings/paintings/storm-from-the-beach-120455,nlw_nlw_kwf00142_large.jpg,
"Williams, Kyffin",Stormy Sea  ,1990-2006,seascape,NLW,unknown,unknown,unknown,75.5,50.5,3812.75,http://ichef.bbci.co.uk/arts/yourpaintings/images/paintings/nlw/large/nlw_nlw_kwf00039_large.jpg,http://www.bbc.co.uk/arts/yourpaintings/paintings/stormy-sea-120467,nlw_nlw_kwf00039_large.jpg,
"Williams, Kyffin",Stormy Sea under a Dark Sky,1990-2006,seascape,NLW,unknown,unknown,unknown,76,50.5,3838,http://ichef.bbci.co.uk/arts/yourpaintings/images/paintings/nlw/large/nlw_nlw_kwf00009_large.jpg,http://www.bbc.co.uk/arts/yourpaintings/paintings/stormy-sea-under-a-dark-sky-120558,nlw_nlw_kwf00009_large.jpg,
"Williams, Kyffin",Wave on Stormy Sea,1990-2006,seascape,NLW,unknown,unknown,unknown,91.2,60.5,5517.6,http://ichef.bbci.co.uk/arts/yourpaintings/images/paintings/nlw/large/nlw_nlw_kwf00054_large.jpg,http://www.bbc.co.uk/arts/yourpaintings/paintings/wave-on-stormy-sea-120466,nlw_nlw_kwf00054_large.jpg,
"Williams, Kyffin",Mackerel,1950,still life,NLW,n.a.,n.a,n.a.,90,55,4950,http://ichef.bbci.co.uk/arts/yourpaintings/images/paintings/nlw/large/nlw_nlw_gcf06607_large.jpg,http://www.bbc.co.uk/arts/yourpaintings/paintings/mackerel-119905,nlw_nlw_gcf06607_large.jpg,
"Williams, Kyffin",Dead hare in brown paper,1940-1950,still life,NLW,n.a.,n.a,n.a.,50.7,68.3,3462.81,http://ichef.bbci.co.uk/arts/yourpaintings/images/paintings/nlw/large/nlw_nlw_kwf00112_large.jpg,http://www.bbc.co.uk/arts/yourpaintings/paintings/dead-hare-in-brown-paper-120513,nlw_nlw_kwf00112_large.jpg,
"Williams, Kyffin",Skeleton,1940-1950,still life,NLW,n.a.,n.a.,n.a.,37.8,28,1058.4,http://ichef.bbci.co.uk/arts/yourpaintings/images/paintings/nlw/large/nlw_nlw_kwb01555_large.jpg,http://www.bbc.co.uk/arts/yourpaintings/paintings/skeleton-120591,nlw_nlw_kwb01555_large.jpg,
"Williams, Kyffin",Plucked Chicken,1950-1970,still life,NLW,n.a.,n.a.,n.a.,56.5,102,5763,http://ichef.bbci.co.uk/arts/yourpaintings/images/paintings/nlw/large/nlw_nlw_kwf00115_large.jpg,http://www.bbc.co.uk/arts/yourpaintings/paintings/plucked-chicken-120527,nlw_nlw_kwf00115_large.jpg,
"Williams, Kyffin",Male Nude,1940-1950,study,NLW,n.a.,n.a.,n.a.,25.3,35.5,898.15,http://ichef.bbci.co.uk/arts/yourpaintings/images/paintings/nlw/large/nlw_nlw_kwf00330_large.jpg,http://www.bbc.co.uk/arts/yourpaintings/paintings/male-nude-120472,nlw_nlw_kwf00330_large.jpg,
"Williams, Kyffin",Wave Breaking on Rocks,1950-1970,seascape,NLW,unknown,unknown,unknown,91.2,70.8,6456.96,http://ichef.bbci.co.uk/arts/yourpaintings/images/paintings/nlw/large/nlw_nlw_kwf00143_large.jpg,http://www.bbc.co.uk/arts/yourpaintings/paintings/wave-breaking-on-rocks-120520,nlw_nlw_kwf00143_large.jpg,
"Williams, Kyffin","Farmers, Cwm Nantlle",1947,landscape,National Museum of Wales/ Amgueddfa Cymru,Cwm Nantlle,,,61.2,51.2,3133.44,http://ichef.bbci.co.uk/arts/yourpaintings/images/paintings/acnmw/large/acnmw_acnmw_da001332_large.jpg,http://www.bbc.co.uk/arts/yourpaintings/paintings/farmers-cwm-nantlle,da001332,
"Williams, Kyffin",Sir Charles Evans,1965,portrait,National Museum of Wales/ Amgueddfa Cymru,n.a,n.a,n.a,71,91,6461,http://ichef.bbci.co.uk/arts/yourpaintings/images/paintings/acnmw/large/acnmw_acnmw_nmwa3086_large.jpg,http://www.bbc.co.uk/arts/yourpaintings/paintings/sir-charles-evans-19181995,nmwa3068,Non-colour reprodction
"Williams, Kyffin",Moel Hebog,1952,landscape,National Museum of Wales/ Amgueddfa Cymru,Moel Hebog,,,35.5,25.4,901.7,http://ichef.bbci.co.uk/arts/yourpaintings/images/paintings/acnmw/large/acnmw_acnmw_da001333_large.jpg,http://www.bbc.co.uk/arts/yourpaintings/paintings/sir-charles-evans-19181995,da001333,
"Williams, Kyffin",Farmers of the Carneddau,1980,landscape,National Museum of Wales/ Amgueddfa Cymru,Carneddau,,,183,121.7,22271.1,http://ichef.bbci.co.uk/arts/yourpaintings/images/paintings/acnmw/large/acnmw_acnmw_da003077_large.jpg,http://www.bbc.co.uk/arts/yourpaintings/paintings/farmers-on-the-carneddau-116913,da003077,
"Williams, Kyffin",Huw T. Edwards,1960,portrait,National Museum of Wales/ Amgueddfa Cymru,n.a,n.a,n.a,71,91.5,6496.5,http://ichef.bbci.co.uk/arts/yourpaintings/images/paintings/acnmw/large/acnmw_acnmw_da002998_large.jpg,http://www.bbc.co.uk/arts/yourpaintings/paintings/huw-t-edwards,da002998,
"Williams, Kyffin",Blaen Ffrancon no.1,1978,landscape,National Museum of Wales/ Amgueddfa Cymru,Blaen Ffrancon,,,121.9,92.1,11226.99,http://ichef.bbci.co.uk/arts/yourpaintings/images/paintings/acnmw/large/acnmw_acnmw_da000679_large.jpg,http://www.bbc.co.uk/arts/yourpaintings/paintings/blaen-ffrancon-no-1,da000679,
"Williams, Kyffin",The Moelwyns from Aberglaslyn,1952,portrait,National Museum of Wales/ Amgueddfa Cymru,n.a,n.a,n.a,77,38.8,2987.6,http://ichef.bbci.co.uk/arts/yourpaintings/images/paintings/acnmw/large/acnmw_acnmw_da003078_large.jpg,http://www.bbc.co.uk/arts/yourpaintings/paintings/the-moelwyns-from-aberglaslyn,da003078,
"Williams, Kyffin","Storm, Porth Cwyfan",1995,seascape,National Museum of Wales/ Amgueddfa Cymru,Porth Cwyfan,,,145.4,94.3,13711.22,http://ichef.bbci.co.uk/arts/yourpaintings/images/paintings/acnmw/large/acnmw_acnmw_da000680_large.jpg,http://www.bbc.co.uk/arts/yourpaintings/paintings/storm-porth-cwyfan,da000680,
"Williams, Kyffin",Mary,1950-1960,portrait,National Museum of Wales/ Amgueddfa Cymru,n.a,n.a,n.a,51,61,3111,http://ichef.bbci.co.uk/arts/yourpaintings/images/paintings/acnmw/large/acnmw_acnmw_da003971_large.jpg,http://www.bbc.co.uk/arts/yourpaintings/paintings/mary-160711,da003971,
"Williams, Kyffin","Duffryncamwy, Patagonia",1969,landscape,National Museum of Wales/ Amgueddfa Cymru,Duffryn Camwy,,,121.3,121.3,14713.69,http://ichef.bbci.co.uk/arts/yourpaintings/images/paintings/acnmw/large/acnmw_acnmw_da001089_large.jpg,http://www.bbc.co.uk/arts/yourpaintings/paintings/duffryncamwy-patagonia,da001089,
"Williams, Kyffin",William Lee,1979,portrait,National Museum of Wales/ Amgueddfa Cymru,n.a,n.a,n.a,91,91,8281,http://ichef.bbci.co.uk/arts/yourpaintings/images/paintings/acnmw/large/acnmw_acnmw_da003972_large.jpg,http://www.bbc.co.uk/arts/yourpaintings/paintings/william-lee,da003972,
"Williams, Kyffin","Cottages, Llanddona",1955,landscape,National Museum of Wales/ Amgueddfa Cymru,Llanddona,,,76.5,50.8,3886.2,http://ichef.bbci.co.uk/arts/yourpaintings/images/paintings/acnmw/large/acnmw_acnmw_da001330_large.jpg,http://www.bbc.co.uk/arts/yourpaintings/paintings/cottages-llanddona,da001330,
"Williams, Kyffin",Snowdon from Llyn Nantle,1945,landscape,National Museum of Wales/ Amgueddfa Cymru,Snowdon,,,49.5,39.4,1950.3,http://ichef.bbci.co.uk/arts/yourpaintings/images/paintings/acnmw/large/acnmw_acnmw_da006778_02_large.jpg,http://www.bbc.co.uk/arts/yourpaintings/paintings/snowdon-from-llyn-nantle,da006778_02_large,
"Williams, Kyffin",Anglesey Cottages with Cattle,1970,landscape,National Museum of Wales/ Amgueddfa Cymru,Anglesey,,,76,59.8,4544.8,http://ichef.bbci.co.uk/arts/yourpaintings/images/paintings/acnmw/large/acnmw_acnmw_da001331_large.jpg,http://www.bbc.co.uk/arts/yourpaintings/paintings/anglesey-cottages-with-cattle,da001331,
"Williams, Kyffin",Snow on Siabod,1968,landscape,National Museum of Wales/ Amgueddfa Cymru,Siabod,,,50.9,40.6,2066.54,http://ichef.bbci.co.uk/arts/yourpaintings/images/paintings/acnmw/large/acnmw_acnmw_da001329_large.jpg,http://www.bbc.co.uk/arts/yourpaintings/paintings/snow-on-siabod,da001329,
"Williams, Kyffin",Winter at Fachwen,1967,landscape,GAC,Fachwen,,,244,122,29768,http://ichef.bbci.co.uk/arts/yourpaintings/images/paintings/gac/large/gac_gac_11014_large.jpg,http://www.bbc.co.uk/arts/yourpaintings/paintings/winter-at-fachwen-29568,gac_gac_11014_large,
"Williams, Kyffin",Farm below Crib Goch,1967,landscape,GAC,Crib Goch,,,183,122,22326,http://ichef.bbci.co.uk/arts/yourpaintings/images/paintings/gac/large/gac_gac_11015_large.jpg,http://www.bbc.co.uk/arts/yourpaintings/paintings/farm-below-crib-goch-29569,gac_gac_11015_large,
"Williams, Kyffin",Nant Ffrancon from Llandegfan,1970,landscape,GAC,Nant Ffrancon,,,76.4,30.8,2353.12,http://ichef.bbci.co.uk/arts/yourpaintings/images/paintings/gac/large/gac_gac_13839_large.jpg,http://www.bbc.co.uk/arts/yourpaintings/paintings/nant-ffrancon-from-llandegfan-29571,gac_gac_13839_large,
"Williams, Kyffin",Pontllyfni in Snow,1977,landscape,GAC,Pontllyfni,,,91,91,8281,http://ichef.bbci.co.uk/arts/yourpaintings/images/paintings/gac/large/gac_gac_13782_large.jpg,http://www.bbc.co.uk/arts/yourpaintings/paintings/farms-porth-dafarch-no-1-29570,gac_gac_13782_large,
"Williams, Kyffin","Farms, Pont Darfach, no.1",1977,landscape,GAC,Pont Darfach,,,Screen print,Screen print,Screen print,Screen print,Screen print,,
"Williams, Kyffin","Snowdon, the Traeth and Frightened Horse",1948,landscape,Aberystwyth University,Snowdon,N 53 4' 6'',W 4 4' 41'',183,76.5,13999.5,http://www.bbc.co.uk/arts/yourpaintings/paintings/snowdon-the-traeth-and-frightened-horse-176713,nwm_au_op108_large.jpg,,
"Williams, Kyffin",Sir David Parry Hughes,1954,portrait,Aberystwyth University,n.a,n.a,n.a,71,91,6461,http://www.bbc.co.uk/arts/yourpaintings/paintings/sir-david-hughes-parry-18931973-president-19551964-176714,nwm_au_op110_large.jpg,,
"Williams, Kyffin",Sun and Cloud on Lliwedd,1973,landscape,Aberystwyth University,Lliwedd,N 53 3' 34'',W 4 3' 25'',76.2,55.3,4213.86,http://www.bbc.co.uk/arts/yourpaintings/paintings/sun-and-cloud-on-lliwedd-176715,nwm_au_op109_large.jpg,,
"Williams, Kyffin",Yolanta,1967,portrait,Oriel Mon,n.a.,n.a.,n.a.,91,60,5460,http://www.bbc.co.uk/arts/yourpaintings/paintings/yolanta-181342,nwm_oym_8_93_large.jpg,,
"Williams, Kyffin","Farm, Llanddona",1958,landscape,Oriel Mon,Llanddona,N 53 17' 33'',W 4 8' 11'',62,51.8,3211.6,http://www.bbc.co.uk/arts/yourpaintings/paintings/farm-llanddona-181349,nwm_oym_13_94_large.jpg,,
"Williams, Kyffin",Hermon,unknown,landscape,Oriel Mon,Hermon (Pembs?),N 51 57' 23'',W 4 36' 33'',91,91,8281,http://www.bbc.co.uk/arts/yourpaintings/paintings/hermon-181358,nwm_oym_19_01_large.jpg,,
"Williams, Kyffin",Lliwedd,1978,landscape,Oriel Mon,Lliwedd,N 53 3' 34'',W 4 3' 25'',91,91,8281,http://www.bbc.co.uk/arts/yourpaintings/paintings/lliwedd-181343,nwm_oym_6_04_large.jpg,,
"Williams, Kyffin",Anglesey Landscape,1960,landscape,Oriel Mon,Anglesey,unknown,unknown,121,90,10890,http://www.bbc.co.uk/arts/yourpaintings/paintings/anglesey-landscape-181351,nwm_oym_1_01_large.jpg,,
"Williams, Kyffin",Moelfre,unknown,landscape,Oriel Mon,Moelfre (hill),N 52 0' 0'',W 4 26' 25'',68,50.5,3434,http://www.bbc.co.uk/arts/yourpaintings/paintings/moelfre-181359,nwm_oym_3_97_large.jpg,,
"Williams, Kyffin","Fedw, Penrhosllugwy",1948,landscape,Oriel Mon,Penrhos-Lligwy,"N 53 18' 3.90""","W 4 36' 0.37""",88.5,58.5,5177.25,http://www.bbc.co.uk/arts/yourpaintings/paintings/fedw-penrhosllugwy-181324,nwm_oym_5_92_large.jpg,,
"Williams, Kyffin",Storm at Trearddur,1987,landscape,Oriel Mon,Trearddur,N 53 17' 34'',W 4 38' 30'',126,95,11970,http://www.bbc.co.uk/arts/yourpaintings/paintings/storm-at-trearddur-181345,nwm_oym_39_87_large.jpg,,
"Williams, Kyffin",Miss Josling,1960,portrait,Oriel Mon,n.a.,n.a.,n.a.,20.5,30.5,625.25,http://www.bbc.co.uk/arts/yourpaintings/paintings/miss-josling-181352,nwm_oym_15_96_large.jpg,,
"Williams, Kyffin","Allt Corn Yd, Llanddona",unknown,landscape,Oriel Mon,Llanddona,N 53 17' 33'',W 4 8' 11'',91.4,61,5575.4,http://www.bbc.co.uk/arts/yourpaintings/paintings/allt-corn-yd-llanddona-181361,nwm_oym_pcf3_large.jpg,,
"Williams, Kyffin",Swtan,1947,landscape,Oriel Mon,Swtan,"N 53 22' 17.03""",W4 33' 16.98,50.8,44.6,2265.68,http://www.bbc.co.uk/arts/yourpaintings/paintings/swtan-181337,nwm_oym_1_90_large.jpg,,
"Williams, Kyffin",The Chelsea Pensioner,1980,portrait,Oriel Mon,n.a.,n.a.,n.a.,64,95,6080,http://www.bbc.co.uk/arts/yourpaintings/paintings/the-chelsea-pensioner-181344,nwm_oym_l1_97_large.jpg,,
"Williams, Kyffin","Cottages, Mynydd Bodafon",1962,landscape,Oriel Mon,Mynydd Bodafon,"N 53 20' 40.59""","W 4 17' 45.33""",57,77.5,4417.5,http://www.bbc.co.uk/arts/yourpaintings/paintings/cottages-mynydd-bodafon-181353,nwm_oym_3_95_large.jpg,,
"Williams, Kyffin",Penmon Cross,unknown,landscape,Oriel Mon,Penmon,N 53 18' 16'',W 4 3' 27'',39.5,77.5,3061.25,http://www.bbc.co.uk/arts/yourpaintings/paintings/penmon-cross-181360,nwm_oym_69_94_large.jpg,,
"Williams, Kyffin",Farmer and Cattle,1957,landscape,Oriel Mon,n.a.,n.a.,n.a.,58.5,128.7,7528.95,http://www.bbc.co.uk/arts/yourpaintings/paintings/farmer-and-cattle-181339,nwm_oym_1_02_large.jpg,,
"Williams, Kyffin",Evan Roberts,1990,landscape,Oriel Mon,n.a.,n.a.,n.a.,72,72,5184,http://www.bbc.co.uk/arts/yourpaintings/paintings/evan-roberts-19091991-181346,nwm_oym_55_91_large.jpg,,
"Williams, Kyffin",Farmers Below the ridge,1983,landscape,Oriel Mon,n.a.,n.a.,n.a.,92.8,122.5,11368,http://www.bbc.co.uk/arts/yourpaintings/paintings/farmers-below-the-ridge-181354,nwm_oym_l8_97_large.jpg,,
"Williams, Kyffin",Farm Ceserea,unknown,landscape,Oriel Mon,Ceserea?,unknown,unknown,111.5,50,5575,http://www.bbc.co.uk/arts/yourpaintings/paintings/farm-ceserea-181362,nwm_oym_l1_04_large.jpg,,
"Williams, Kyffin",Pilot Boat off Moelfre,1947,seascape,Oriel Mon,Ynys Moelfre,N 53 21' 0'',W 4 14' 0'',74.5,38.5,2868.25,http://www.bbc.co.uk/arts/yourpaintings/paintings/pilot-boat-off-moelfre-181338,nwm_oym_4_92_large.jpg,,
"Williams, Kyffin",Llannerchymedd Mill,1955,landscape,Oriel Mon,Llanerchymedd,N 53 19' 50'',W 4 22' 37'',69.5,52,3614,http://www.bbc.co.uk/arts/yourpaintings/paintings/llannerchymedd-mill-181347,nwm_oym_23_95_large.jpg,,
"Williams, Kyffin",View from Pwllfanogl,unknown,landscape,Oriel Mon,Pwllfanogl,"N 53 13' 4.04""","W 4 12' 13.67""",76,76,5776,http://www.bbc.co.uk/arts/yourpaintings/paintings/view-from-pwllfanogl-181356,nwm_oym_1_98_large.jpg,,
"Williams, Kyffin",Tan-y-Grisiau,unknown,landscape,Oriel Mon,Tan-y-grisiau,"N 52 59' 18.20""","W 3 57' 34.07""",70,90,6300,http://www.bbc.co.uk/arts/yourpaintings/paintings/tan-y-grislau-181363,nwm_oym_7_98_58_large.jpg,,
"Williams, Kyffin",Moelwyn Bach,1960,landscape,Oriel Mon,Moelwyn Bach,N 52 58' 0'',W 4 0' 0'',122.5,92.2,11294.5,http://www.bbc.co.uk/arts/yourpaintings/paintings/moelwyn-bach-181340,nwm_oym_7_98_57_large.jpg,,
"Williams, Kyffin","Cottages, Llanrhuddlad",1955,landscape,Oriel Mon,Llanrhuddlad,"N 53 22' 21.00""","W 4 30' 35.62""",62,51.8,3211.6,http://www.bbc.co.uk/arts/yourpaintings/paintings/cottages-llanrhuddlad-181348,nwm_oym_9_94_large.jpg,,
"Williams, Kyffin",Mrs Rowlands,1984,portrait,Oriel Mon,n.a.,n.a.,n.a.,76.5,126,9639,http://www.bbc.co.uk/arts/yourpaintings/paintings/mrs-rowlands-181355,nwm_oym_pcf7_large.jpg,,
"Williams, Kyffin",Snowstorm off Penmon,1961,landscape,Oriel Mon,Penmon,N 53 18' 16'',W 4 3' 27'',122,91.5,11163,http://www.bbc.co.uk/arts/yourpaintings/paintings/snowstorm-off-penmon-181341,nwm_oym_38_92_large.jpg,,
"Williams, Kyffin",Capel Carmel,1958,landscape,Oriel Mon,Carmel,"N 52 49' 28.75""","W 4 43' 39.25""",62,51.5,3193,http://www.bbc.co.uk/arts/yourpaintings/paintings/capel-carmel-181350,nwm_oym_14_94_large.jpg,,
"Williams, Kyffin",Sunset,unknown,seascape,Oriel Mon,unknown,n.a.,n.a.,121.7,121.7,14810.89,http://www.bbc.co.uk/arts/yourpaintings/paintings/sunset-181357,nwm_oym_18_01_large.jpg,,
"Williams, Kyffin",Dame Eileen Louise Younghusband,1965,portrait,NPG,n.a.,n.a.,n.a.,71.1,91.5,6505.65,http://ichef.bbci.co.uk/arts/yourpaintings/images/paintings/npg/large/npg_npg_6621_large.jpg,http://www.bbc.co.uk/arts/yourpaintings/paintings/dame-eileen-louise-younghusband,npg_npg_6621_large.jpg,
"Williams, Kyffin","Cottages, Cilgwyn",unknown,landscape,MOMA Wales,Cilgwyn,,,62,52.2,3236.4,,http://www.bbc.co.uk/arts/yourpaintings/paintings/cottages-cilgwyn-182106,nwm_yt_7_large.jpg,
"Williams, Kyffin","Waterfall, Ogwen",unknown,landscape,MOMA Wales,Ogwen,,,77,127,9779,,http://www.bbc.co.uk/arts/yourpaintings/paintings/waterfall-ogwen-182107,nwm_yt_42_large.jpg,
"Williams, Kyffin",Dafydd Williams on the Mountain,1969,landscape,Royal Academy,unknown,unknown,unknown,121.8,91.5,11144.7,http://ichef.bbci.co.uk/arts/yourpaintings/images/paintings/raa/large/wmr_raa_pl002115_large.jpg,http://www.bbc.co.uk/arts/yourpaintings/paintings/dafydd-williams-on-the-mountain,wmr_raa_pl002115_large.jpg,
"Williams, Kyffin",Blaen Nant,1976,landscape,Royal Academy,Blaen Nant,,,127,76.7,9740.9,http://ichef.bbci.co.uk/arts/yourpaintings/images/paintings/raa/large/wmr_raa_03_580_large.jpg,http://www.bbc.co.uk/arts/yourpaintings/paintings/blaen-nant,wmr_raa_03_580_large.jpg,
"Williams, Kyffin",German Girl,1963,portrait,Royal Academy,n.a.,n.a.,n.a.,51,61,3111,http://ichef.bbci.co.uk/arts/yourpaintings/images/paintings/raa/large/wmr_raa_03_579_large.jpg,http://www.bbc.co.uk/arts/yourpaintings/paintings/german-girl,wmr_raa_03_579_large.jpg,
"Williams, Kyffin",Portrait of a Boy,1944,portrait,UCL Art Museum,n.a.,n.a.,n.a.,27.9,21.6,602.64,http://ichef.bbci.co.uk/arts/yourpaintings/images/paintings/uclac/large/lducs_uclac_pc5121_large.jpg,http://www.bbc.co.uk/arts/yourpaintings/paintings/portrait-of-a-boy-42574,lducs_uclac_pc5121_large.jpg,
"Williams, Kyffin",Portrait of a Grey-Haired Woman,1943,portrait,UCL Art Museum,n.a.,n.a.,n.a.,25.4,30.5,774.7,http://ichef.bbci.co.uk/arts/yourpaintings/images/paintings/uclac/large/lducs_uclac_pc5125_large.jpg,http://www.bbc.co.uk/arts/yourpaintings/paintings/portrait-of-a-grey-haired-woman-42573,lducs_uclac_pc5125_large.jpg,
"Williams, Kyffin",Hills above Nant Peris,unknown,landscape,Bangor University,Nant Peris,"53 6' 19.4862""","-4 5' 8.4366""",125,94.4,11800,http://www.bbc.co.uk/arts/yourpaintings/paintings/hills-above-nant-peris-177969,nwm_bu_ol00225_large.jpg,,
"Williams, Kyffin","Hugh Thomas, Portrait of a Farmer",1950,portrait,Bangor University,n.a.,n.a.,n.a.,49.5,59.5,2945.25,http://www.bbc.co.uk/arts/yourpaintings/paintings/hugh-thomas-portrait-of-a-farmer-177962,nwm_bu_op00175_large.jpg,,
"Williams, Kyffin",Ponies at Betws Garmon,unknown,landscape,Bangor University,Betws Garmon,N 53 4' 16'',W 4 9' 3'',119.6,89.5,10704.2,http://www.bbc.co.uk/arts/yourpaintings/paintings/ponies-at-betws-garmon-177970,nwm_bu_ol00226_large.jpg,,
"Williams, Kyffin","Dyfryn, Ceserea",unknown,landscape,Bangor University,Ceserea?,unknown,unknown,126,74,9324,http://www.bbc.co.uk/arts/yourpaintings/paintings/dyfryn-cesarea-177963,nwm_bu_ol00227_large.jpg,,
"Williams, Kyffin",The Crucifixion,unknown,genre,Bangor University,n.a.,n.a.,n.a.,57,125.5,7153.5,http://www.bbc.co.uk/arts/yourpaintings/paintings/the-crucifixion-177971,nwm_bu_op00246_large.jpg,,
"Williams, Kyffin",Snowdon from Drws y Coed,unknown,landscape,Bangor University,Drws y Coed,N 53243,W 4950,181.6,119.8,21755.68,http://www.bbc.co.uk/arts/yourpaintings/paintings/snowdon-from-drws-y-coed-177964,nwm_bu_ol00219_large.jpg,,
"Williams, Kyffin",Farmer on the Mountains,unknown,landscape,Bangor University,unknown,unknown,unknown,119.8,90.1,10793.98,http://www.bbc.co.uk/arts/yourpaintings/paintings/farmer-on-the-mountains-177966,nwm_bu_ol00222_large.jpg,,
"Williams, Kyffin",Cloud and Hills above the Traeth,unknown,landscape,Bangor University,Traeth,N 53 15' 0'',W 4 3' 0'',120.4,90.5,10896.2,http://www.bbc.co.uk/arts/yourpaintings/paintings/cloud-and-hills-above-the-traeth-177965,nwm_bu_ol00221_large.jpg,,
"Williams, Kyffin",Clouds above Crib Goch,unknown,landscape,Bangor University,Crib Goch,N 53 4' 34'',W 4 3' 17'',93.7,89.5,8386.15,http://www.bbc.co.uk/arts/yourpaintings/paintings/clouds-above-crib-goch-177967,nwm_bu_ol00223_large.jpg,,
"Williams, Kyffin",Hillside with Sheep Farmer and Dog,unknown,landscape,Bangor University,unknown,unknown,unknown,125.2,74.5,9327.4,http://www.bbc.co.uk/arts/yourpaintings/paintings/hillside-with-sheep-farmer-and-dog-177968,nwm_bu_ol00224_large.jpg,,
"Williams, Kyffin","Fusilier Dean (The Depot, Wrexham, 1948)",1948,portrait,RWF Regimental Museum,n.a.,n.a.,n.a.,75,88,6600,http://ichef.bbci.co.uk/arts/yourpaintings/images/paintings/rwfm/large/nwm_rwfm_4001_large.jpg,http://www.bbc.co.uk/arts/yourpaintings/paintings/fusilier-dean-the-depot-wrexham-1948-181490,nwm_rwfm_4001_large.jpg,"narrative- The Depot, Wrexham"
"Williams, Kyffin",Royal Welchman in Scarlet,1948,portrait,RWF Regimental Museum,n.a.,n.a.,n.a.,59.6,75.3,4487.88,http://ichef.bbci.co.uk/arts/yourpaintings/images/paintings/rwfm/large/nwm_rwfm_5932_large.jpg,http://www.bbc.co.uk/arts/yourpaintings/paintings/royal-welchman-in-scarlet-181492,nwm_rwfm_5932_large.jpg,
"Williams, Kyffin","Corpral Norman Pritchard, Goat Major, 3rd Battalion",1983,portrait,RWF Regimental Museum,n.a.,n.a.,n.a.,110,112,12320,http://ichef.bbci.co.uk/arts/yourpaintings/images/paintings/rwfm/large/nwm_rwfm_8999zz_large.jpg,http://www.bbc.co.uk/arts/yourpaintings/paintings/corporal-norman-pritchard-goat-major-3rd-battalion-181494,nwm_rwfm_8999zz_large.jpg,
"Williams, Kyffin",Ferm Fynydd Hill Farm (recto),unknown,landscape,Gwynedd Council Collection,unknown,n.a,n.a,151.5,75.5,11438.25,http://ichef.bbci.co.uk/arts/yourpaintings/images/paintings/gccc/large/nwm_gccc_gccc13b_large.jpg,http://www.bbc.co.uk/arts/yourpaintings/paintings/fferm-fynydd-hill-farm-183739,nwm_gccc_gccc13b_large.jpg,
"Williams, Kyffin",Ferm Fynydd Hill Farm (verso),unknown,landscape,Gwynedd Council Collection,unknown,,,151.5,75.5,11438.25,http://ichef.bbci.co.uk/arts/yourpaintings/images/paintings/gccc/large/nwm_gccc_gccc13_large.jpg,http://www.bbc.co.uk/arts/yourpaintings/paintings/fferm-fynydd-hill-farm-183740,nwm_gccc_gccc13_large.jpg,
"Williams, Kyffin",Crib Goch,unknown,landscape,Gwynedd Council Collection,Crib Coch,,,122,122,14884,http://ichef.bbci.co.uk/arts/yourpaintings/images/paintings/gccc/large/nwm_gccc_gccc009_large.jpg,http://www.bbc.co.uk/arts/yourpaintings/paintings/crib-goch-183743,nwm_gccc_gccc009_large.jpg,
"Williams, Kyffin",Crib Coch and Llanberis Pass,unknown,landscape,Newport Museum and Art Gallery,Crib Goch,,,152.4,75.6,11521.44,http://ichef.bbci.co.uk/arts/yourpaintings/images/paintings/npmag/large/sw_npmag_1960_1_large.jpg,http://www.bbc.co.uk/arts/yourpaintings/paintings/crib-coch-and-llanberis-pass-156150,sw_npmag_1960_1_large.jpg,
"Williams, Kyffin",Cwm Pennant,unknown,landscape,Newport Museum and Art Gallery,Cwm Pennant,,,67.2,50,3360,http://ichef.bbci.co.uk/arts/yourpaintings/images/paintings/npmag/large/sw_npmag_1953_78_large.jpg,http://www.bbc.co.uk/arts/yourpaintings/paintings/cwm-pennant-156105,sw_npmag_1953_78_large.jpg,
"Williams, Kyffin","Deserted Farm, Llanrhuddlad",1970,landscape,Southend Museums Service,Llandrhuddlad,,,61,51,3111,http://ichef.bbci.co.uk/arts/yourpaintings/images/paintings/bag/large/esx_bag_souag_s100_large.jpg,http://www.bbc.co.uk/arts/yourpaintings/paintings/deserted-farm-llanrhuddlad-2750,esx_bag_souag_s100_large.jpg,
"Williams, Kyffin",Sea at Trearddur,1976,seascape,Southend Museums Service,Trearddur,,,50,114,5700,http://ichef.bbci.co.uk/arts/yourpaintings/images/paintings/bag/large/esx_bag_souag_s159_large.jpg,http://www.bbc.co.uk/arts/yourpaintings/paintings/sea-at-trearddur-2767,esx_bag_souag_s159_large.jpg,
"Williams, Kyffin",Y Garn a Foel Goch,1950,landscape,Scarborough Museums and Gallery,Moel Goch,,,95.5,60.5,5777.75,http://ichef.bbci.co.uk/arts/yourpaintings/images/paintings/smg/large/ny_smg_sag_180_large.jpg,http://www.bbc.co.uk/arts/yourpaintings/paintings/y-garn-and-foel-goch-9345,ny_smg_sag_180_large.jpg,
"Williams, Kyffin","Councillor Dora Phyllis Oxenham (19101996), CBE, Chair of Northamptonshire County Council (19691972)",1960-1970,portrait,Northamptonshire County Council,n.a.,,,65,70,4550,http://ichef.bbci.co.uk/arts/yourpaintings/images/paintings/norcc/large/bcn_norcc_pcf_07_large.jpg,http://www.bbc.co.uk/arts/yourpaintings/paintings/councillor-dora-phyllis-oxenham-19101996-cbe-chair-of-nort49400,bcn_norcc_pcf_07_large.jpg,
"Williams, Kyffin","Mynydd Bodafon, Anglesey",unknown,landscape,Hereford Museum and Art Gallery,Mynydd Bodafon,,,67,57,3819,http://ichef.bbci.co.uk/arts/yourpaintings/images/paintings/hmag/large/hsw_hmag_7651_large.jpg,http://www.bbc.co.uk/arts/yourpaintings/paintings/mynydd-bodafon-anglesey-52909,hsw_hmag_7651_large.jpg,
"Williams, Kyffin",Talsarn,1981,landscape,Hereford Museum and Art Gallery,Talsarn,,,58.3,58.6,3416.38,http://ichef.bbci.co.uk/arts/yourpaintings/images/paintings/hmag/large/hsw_hmag_1986_46_1_large.jpg,http://www.bbc.co.uk/arts/yourpaintings/paintings/talsarn-52946,hsw_hmag_1986_46_1_large.jpg,
"Williams, Kyffin",Hill Farm in Meirioneth,1958 or earlier,landscape,Herbert Museum and Art Gallery,Meirioneth,,,112,51,5712,http://ichef.bbci.co.uk/arts/yourpaintings/images/paintings/herb/large/war_herb_179_large.jpg,http://www.bbc.co.uk/arts/yourpaintings/paintings/hill-farm-in-merioneth-55095,war_herb_179_large.jpg,
"Williams, Kyffin",Pony on Llanddwyn Island,unknown,landscape,Derbyshire and Derby School Library Service,Llanddwyn Island,,,87.3,72.3,6311.79,http://ichef.bbci.co.uk/arts/yourpaintings/images/paintings/sls/large/,http://www.bbc.co.uk/arts/yourpaintings/paintings/pony-on-llanddwyn-island-60807,dby_sls_f2137_large.jpg,
"Williams, Kyffin",Landscape at Llanelhaearn,1947,landscape,Arts Council Collection,Llanelhaearn,,,61,51.1,3117.1,http://ichef.bbci.co.uk/arts/yourpaintings/images/paintings/acc/large/acc_acc_ac_48_large.jpg,http://www.bbc.co.uk/arts/yourpaintings/paintings/landscape-at-llanaelhaearn-64319,acc_acc_ac_48_large.jpg,
"Williams, Kyffin",The Old Soldier,1951,portrait,Arts Council Collection,n.a,n.a,n.a,70.5,91.4,6443.7,http://ichef.bbci.co.uk/arts/yourpaintings/images/paintings/acc/large/acc_acc_ac_229_large.jpg,http://www.bbc.co.uk/arts/yourpaintings/paintings/the-old-soldier-64320,acc_acc_ac_229_large.jpg,
"Williams, Kyffin",The Dark Lake,1951,landscape,Swindon Art Gallery,n.a.,n.a,n.a,54.5,44.5,2425.25,http://ichef.bbci.co.uk/arts/yourpaintings/images/paintings/swag/large/glw_swag_ag1978_24_large.jpg,http://www.bbc.co.uk/arts/yourpaintings/paintings/the-dark-lake-64657,glw_swag_ag1978_24_large.jpg,
"Williams, Kyffin",Tryfan no.2,unknown,landscape,Atkinson Art Gallery Collection,Tryfan,,,110,50,5500,http://ichef.bbci.co.uk/arts/yourpaintings/images/paintings/sec/large/mer_sec_1727_large.jpg,http://www.bbc.co.uk/arts/yourpaintings/paintings/tryfan-no-2-66446,mer_sec_1727_large.jpg,
"Williams, Kyffin",Snow above Beddgelert,1959,landscape,National Museums Liverpool,Beddgelert,,,122,91.5,11163,http://ichef.bbci.co.uk/arts/yourpaintings/images/paintings/warg/large/nml_warg_wag_4243_large.jpg,http://www.bbc.co.uk/arts/yourpaintings/paintings/snow-above-beddgelert-98122,nml_warg_wag_4243_large.jpg,
"Williams, Kyffin","The Church and Cottages, Aberffraw",1960s,landscape,Merthyr Tydfil Museums Service,Aberffraw,,,75,49.5,3712.5,http://ichef.bbci.co.uk/arts/yourpaintings/images/paintings/mtm/large/sw_mtm_2_989_1_large.jpg,http://www.bbc.co.uk/arts/yourpaintings/paintings/the-church-and-cottages-aberffraw-153552,sw_mtm_2_989_1_large.jpg,
"Williams, Kyffin",Drwyscoed,unknown,landscape,Merthyr Tydfil Museums Service,Drws y Coed,,,59.8,49.7,2972.06,http://ichef.bbci.co.uk/arts/yourpaintings/images/paintings/mtm/large/sw_mtm_760_992_large.jpg,http://www.bbc.co.uk/arts/yourpaintings/paintings/drwsycoed-153554,sw_mtm_760_992_large.jpg,
"Williams, Kyffin",Mountain Landscape,1957,landscape,Merthyr Tydfil Museums Service,unknown,unknown,unknown,55,45.5,2502.5,http://ichef.bbci.co.uk/arts/yourpaintings/images/paintings/mtm/large/sw_mtm_210_990_large.jpg,http://www.bbc.co.uk/arts/yourpaintings/paintings/mountain-landscape-153553,sw_mtm_210_990_large.jpg,
"Williams, Kyffin",Snowdon,unknown,landscape,Alun School,Snowdon,,,80,50,4000,http://ichef.bbci.co.uk/arts/yourpaintings/images/paintings/alu/large/nwm_alu_pcf1_large.jpg,http://www.bbc.co.uk/arts/yourpaintings/paintings/snowdon-176493,nwm_alu_pcf1_large.jpg,
"Williams, Kyffin",Tom Owen,1951,portrait,Carmarthenshire Museums Service Collection,n.a.,n.a,n.a,74,83,6142,http://ichef.bbci.co.uk/arts/yourpaintings/images/paintings/chcc/large/nwm_chcc_2002_0733_large.jpg,http://www.bbc.co.uk/arts/yourpaintings/paintings/tom-owen-177599,nwm_chcc_2002_0733_large.jpg,
"Williams, Kyffin",Hill Farmers,unknown,portrait,Bodelwyddan Castle Trust,n.a.,n.a,n.a,137,91.5,12535.5,http://ichef.bbci.co.uk/arts/yourpaintings/images/paintings/bct/large/nwm_bct_bct_2009_193_large.jpg,http://www.bbc.co.uk/arts/yourpaintings/paintings/hill-farmers-178318,nwm_bct_bct_2009_193_large.jpg,
"Williams, Kyffin",Farm Behind Harlech,unknown,landscape,Amgueddfa Ceredigion Museum,Harlech,,,75,29,2175,http://ichef.bbci.co.uk/arts/yourpaintings/images/paintings/cdgm/large/nwm_cdgm_pcf300_large.jpg,http://www.bbc.co.uk/arts/yourpaintings/paintings/farm-behind-harlech-182306,nwm_cdgm_pcf300_large.jpg,
"Williams, Kyffin",Welsh Landscape,unknown,landscape,Cardiff University,unknown,unknown,unknown,119.5,119.5,14280.25,http://ichef.bbci.co.uk/arts/yourpaintings/images/paintings/cuniv/large/sw_cuniv_132_large.jpg,http://www.bbc.co.uk/arts/yourpaintings/paintings/welsh-landscape-159232,sw_cuniv_132_large.jpg,
"Williams, Kyffin",Welsh Landscape with Farmers,unknown,landscape,Cardiff University,unknown,unknown,unknown,113.5,49.5,5618.25,http://ichef.bbci.co.uk/arts/yourpaintings/images/paintings/cuniv/large/sw_cuniv_207_large.jpg,http://www.bbc.co.uk/arts/yourpaintings/paintings/welsh-landscape-with-farmers-159259,sw_cuniv_207_large.jpg,
"Williams, Kyffin","Pen Carnen, Ty Ddewi",unknown,landscape,National Museum of Wales/ Amgueddfa Cymru,"Pen Carnen, Ty Ddewi",,,126,57.3,7219.8,http://ichef.bbci.co.uk/arts/yourpaintings/images/paintings/acnmw/large/acnmw_acnmw_b2_large.jpg,http://www.bbc.co.uk/arts/yourpaintings/paintings/pen-carnen-ty-ddewi,acnmw_acnmw_b2_large.jpg,
"Williams, Kyffin",Pencamedd Llansadwrn,unknown,landscape,National Museum of Wales/ Amgueddfa Cymru,"Pencamedd, Llansadwrn",,,79,58,4582,http://ichef.bbci.co.uk/arts/yourpaintings/images/paintings/acnmw/large/acnmw_acnmw_p_260_1_large.jpg,http://www.bbc.co.uk/arts/yourpaintings/paintings/pencamedd-llansadwm,acnmw_acnmw_p_260_1_large.jpg,
"Williams, Kyffin",Figure and Mountains (verso),unknown,landscape,National Museum of Wales/ Amgueddfa Cymru,unknown,unknown,unknown,126,57.3,7219.8,http://ichef.bbci.co.uk/arts/yourpaintings/images/paintings/acnmw/large/acnmw_acnmw_b2r_large.jpg,http://www.bbc.co.uk/arts/yourpaintings/paintings/figure-and-mountains,acnmw_acnmw_b2r_large.jpg,
